pdb,rfree,rwork,resolution
1z1i,0.288,,0.241
1z1j,0.2989,,0.2139
2k7x,,,
2liz,,,
7jun,,,
1yo4,,,
2gdt,,,
2hsx,,,
2gri,,,
2idy,,,
2jzd,,,
2jze,,,
2jzf,,,
2k87,,,
2kaf,,,
2kqv,,,
2kqw,,,
2rnk,,,
1ysy,,,
2kys,,,
1ssk,,,
2jw8,,,
6yi3,,,
7acs,,,
7act,,,
2mm4,,,
5x29,,,
5xer,,,
5xes,,,
7k3g,,,
2fxp,,,
2rum,,,
2run,,,
5xjk,,,
6yor,,,
7jwb,,,
7lb7,,,
7lc8,,,
7my8,,,
7r95,,,
7n8c,,,
7kr0,0.1172,0.73,0.1099
7kqo,0.1384,0.85,0.1203
7kqp,0.1233,0.88,0.1076
2xu3,0.15473,0.9,0.14183
7kqw,0.147,0.93,0.1276
5rvi,0.1809,0.94,0.1651
6wey,0.1362,0.95,0.1191
5s74,0.1852,0.95,0.1765
5rvh,0.1838,0.98,0.1665
5s3w,0.1861,0.98,0.1573
5mae,0.18213,1.0,0.14722
5maj,0.16999,1.0,0.13639
5rs7,0.19,1.0,0.1801
5rs9,0.1784,1.0,0.1639
5rsb,0.1839,1.0,0.1669
5rsd,0.1887,1.0,0.1703
5rse,0.2084,1.0,0.1913
5rsf,0.1735,1.0,0.1589
5rsg,0.1826,1.0,0.1678
5rsh,0.1791,1.0,0.1648
5rsj,0.1928,1.0,0.1799
5rsk,0.164,1.0,0.1536
5rsl,0.1889,1.0,0.1714
5rsn,0.1807,1.0,0.1664
5rsq,0.1699,1.0,0.1567
5rsr,0.1913,1.0,0.1725
5rss,0.1666,1.0,0.153
5rst,0.1694,1.0,0.1535
5rsu,0.1633,1.0,0.1497
5rsw,0.1774,1.0,0.1624
5rsx,0.176,1.0,0.1606
5rt0,0.1567,1.0,0.1438
5rt1,0.1627,1.0,0.1491
5rt2,0.1744,1.0,0.1573
5rt5,0.1715,1.0,0.1534
5rt6,0.1817,1.0,0.1672
5rt7,0.1735,1.0,0.1589
5rt8,0.1599,1.0,0.1475
5rta,0.1628,1.0,0.1507
5rte,0.1928,1.0,0.1761
5rtf,0.1659,1.0,0.151
5rth,0.1721,1.0,0.1571
5rtj,0.1761,1.0,0.1619
5rtk,0.164,1.0,0.1481
5rtl,0.1645,1.0,0.1505
5rtm,0.1681,1.0,0.1525
5rtn,0.1738,1.0,0.1584
5rto,0.1584,1.0,0.1447
5rtp,0.1682,1.0,0.1531
5rtq,0.1715,1.0,0.1575
5rtr,0.1682,1.0,0.1557
5rts,0.1654,1.0,0.1516
5rtt,0.182,1.0,0.167
5rtu,0.1627,1.0,0.1463
5rtv,0.1723,1.0,0.1609
5rtw,0.1754,1.0,0.1605
5rtx,0.1605,1.0,0.146
5rty,0.1812,1.0,0.1645
5rtz,0.1782,1.0,0.1603
5ru0,0.1664,1.0,0.1545
5ru1,0.1804,1.0,0.1652
5ru2,0.1941,1.0,0.1785
5ru3,0.1602,1.0,0.1462
5ru4,0.1679,1.0,0.1528
5ru5,0.1592,1.0,0.1457
5ru6,0.1645,1.0,0.1476
5ru7,0.1619,1.0,0.1472
5ru8,0.1558,1.0,0.1422
5ru9,0.189,1.0,0.1719
5rua,0.1745,1.0,0.1608
5ruc,0.1697,1.0,0.1562
5rud,0.1712,1.0,0.1556
5ruf,0.1665,1.0,0.1512
5rug,0.1892,1.0,0.173
5ruh,0.1715,1.0,0.1544
5rui,0.1655,1.0,0.1511
5rul,0.1716,1.0,0.1567
5rum,0.1758,1.0,0.1614
5run,0.1711,1.0,0.1588
5ruo,0.1786,1.0,0.1641
5rup,0.1736,1.0,0.1592
5ruq,0.1592,1.0,0.1463
5rur,0.168,1.0,0.153
5rus,0.1609,1.0,0.1489
5rut,0.1783,1.0,0.1661
5ruv,0.1628,1.0,0.1494
5ruw,0.1713,1.0,0.1569
5rux,0.163,1.0,0.1493
5ruy,0.1893,1.0,0.1726
5ruz,0.1666,1.0,0.1499
5rv0,0.1593,1.0,0.1459
5rv1,0.1799,1.0,0.1659
5rv4,0.1765,1.0,0.1619
5rv5,0.1825,1.0,0.1673
5rv6,0.1595,1.0,0.1452
5rv7,0.1602,1.0,0.1464
5rv8,0.1767,1.0,0.1608
5rv9,0.1823,1.0,0.1689
5rva,0.1651,1.0,0.1507
5rvb,0.164,1.0,0.1489
5rvc,0.1557,1.0,0.1423
5rvd,0.1981,1.0,0.1843
5rve,0.1698,1.0,0.1575
5rvf,0.1734,1.0,0.1623
5rvg,0.1794,1.0,0.1649
5rs8,0.1788,1.01,0.1635
5rsc,0.2012,1.01,0.1853
5rsi,0.2169,1.01,0.1984
5rt9,0.1852,1.01,0.1705
5rtg,0.18,1.01,0.1641
5rti,0.1849,1.01,0.1687
5ruj,0.1847,1.01,0.1707
5ruu,0.1908,1.01,0.1762
5rv2,0.1974,1.01,0.1807
5s1u,0.1967,1.01,0.1653
5s3j,0.1967,1.01,0.1642
5s4c,0.1828,1.01,0.1544
5rsm,0.1847,1.02,0.1697
5rsp,0.1722,1.02,0.1582
5rsz,0.1817,1.02,0.1655
5rt4,0.1752,1.02,0.16
5rue,0.183,1.02,0.1643
5rv3,0.1895,1.02,0.1717
5s34,0.1935,1.02,0.1578
5s3r,0.2014,1.02,0.17
5s44,0.2009,1.02,0.1656
5rso,0.1866,1.03,0.1696
5rsv,0.1795,1.03,0.1626
5rvm,0.1553,1.03,0.1328
5s1i,0.194,1.03,0.1647
5s20,0.1961,1.03,0.1664
5s2h,0.2058,1.03,0.1739
5s2p,0.1923,1.03,0.1592
5s2u,0.1927,1.03,0.1639
5s49,0.1974,1.03,0.169
5rsy,0.1915,1.04,0.1721
5rtb,0.1865,1.04,0.1689
5rtd,0.1781,1.04,0.1586
5rvp,0.1419,1.04,0.1307
5rvr,0.1573,1.04,0.1441
5s3b,0.1933,1.04,0.1616
5s3s,0.2086,1.04,0.1783
5s3y,0.1975,1.04,0.1602
5s48,0.1992,1.04,0.1659
5s4a,0.1922,1.04,0.1642
5rt3,0.2186,1.05,0.1955
5ruk,0.1826,1.05,0.1642
5s26,0.2083,1.05,0.1734
5s27,0.2166,1.05,0.1793
5s2i,0.2078,1.05,0.174
5s2j,0.2049,1.05,0.1647
5s2m,0.1967,1.05,0.1654
5s2y,0.203,1.05,0.1694
5s3e,0.2073,1.05,0.1732
5s3t,0.1882,1.05,0.1603
5s3u,0.1926,1.05,0.1655
5rtc,0.2008,1.06,0.1748
5s1a,0.211,1.06,0.1761
5s1g,0.1965,1.06,0.1641
5s1k,0.2053,1.06,0.1705
5s1y,0.2003,1.06,0.1692
5s2d,0.1931,1.06,0.1649
5s2o,0.1954,1.06,0.1609
5s2w,0.2014,1.06,0.168
5s2x,0.1925,1.06,0.1634
5s33,0.2057,1.06,0.1743
5s36,0.2093,1.06,0.1731
5s4j,0.202,1.06,0.171
5s73,0.2234,1.06,0.2009
6wcf,0.1537,1.065,0.1254
5s28,0.2146,1.07,0.181
5s2c,0.2073,1.07,0.1728
5s2l,0.198,1.07,0.1665
5s2n,0.2039,1.07,0.1653
5s2z,0.2005,1.07,0.1682
5s38,0.2026,1.07,0.1732
5s39,0.2062,1.07,0.1725
5s43,0.201,1.07,0.1667
5s4e,0.1955,1.07,0.1638
5rvq,0.1833,1.08,0.165
5s2a,0.2106,1.08,0.1749
5s2f,0.2146,1.08,0.17
5s2k,0.1925,1.08,0.1627
5s2s,0.1943,1.08,0.1666
5s2v,0.1961,1.08,0.1657
5s3l,0.1964,1.08,0.1604
5s3v,0.1947,1.08,0.159
5s42,0.1954,1.08,0.1654
5s4g,0.2238,1.08,0.1853
5s4k,0.2093,1.08,0.1762
5s1o,0.2087,1.09,0.1765
5s2t,0.213,1.09,0.1784
5s3n,0.2002,1.09,0.1634
5s3q,0.1957,1.09,0.1647
5s47,0.1965,1.09,0.1665
2xu4,0.16725,1.1,0.14036
5s35,0.2132,1.1,0.1851
5s3g,0.1967,1.1,0.1608
5s3p,0.1937,1.1,0.1616
5s4f,0.2128,1.1,0.1737
7luz,0.1497,1.1,0.1237
5s1q,0.2099,1.11,0.1743
5s1s,0.2018,1.11,0.1702
5s1w,0.2039,1.11,0.1678
5s2b,0.2082,1.11,0.1701
5s2e,0.2091,1.11,0.1697
5s2r,0.2019,1.11,0.1632
5s4b,0.2078,1.11,0.1668
2yj2,0.17855,1.12,0.14535
5s1c,0.2016,1.12,0.1655
5s3d,0.2127,1.12,0.1689
7ltu,0.1953,1.12,0.1548
5mqy,0.19898,1.13,0.14869
5s18,0.2114,1.13,0.1753
5s24,0.2221,1.13,0.1847
5s3h,0.2104,1.13,0.1661
5s3x,0.197,1.13,0.1669
5s46,0.2055,1.13,0.1616
5s4i,0.2037,1.13,0.1664
2yjc,0.18362,1.14,0.14546
5s1m,0.2045,1.14,0.1685
5s3a,0.2088,1.14,0.1672
5s22,0.2177,1.15,0.1829
5s30,0.2074,1.15,0.1653
5s31,0.2219,1.15,0.1806
5s3c,0.2267,1.15,0.1799
7eq4,0.1972,1.15,0.1633
5s1e,0.2151,1.16,0.1739
5s3f,0.1943,1.16,0.1653
5s45,0.2083,1.16,0.1705
2ofz,0.19132,1.17,0.16244
5s32,0.2364,1.17,0.2013
5s3i,0.2007,1.17,0.1672
5s3k,0.1962,1.17,0.1592
5s4h,0.2226,1.17,0.1789
5s40,0.2043,1.18,0.1668
5s41,0.2126,1.18,0.1674
5s2g,0.2122,1.19,0.1725
5s3o,0.1955,1.19,0.167
7k3t,0.1866,1.2,0.171
5rvj,0.1583,1.2,0.1395
5rvu,0.1877,1.2,0.1661
7mky,0.1877,1.2,0.1537
5s37,0.2053,1.22,0.1672
5s4d,0.206,1.22,0.165
7ek6,0.1854,1.24,0.1731
6yb7,0.1917,1.25,0.1706
7jkv,0.1769,1.25,0.1446
5rvn,0.187,1.26,0.159
5rvt,0.1702,1.26,0.1501
5s3m,0.2069,1.26,0.1658
5r8t,0.2081,1.27,0.1841
3hha,0.15237,1.27,0.11632
7m53,0.1739,1.27,0.1443
6xg2,0.1791,1.28,0.1567
6xkh,0.1749,1.28,0.1563
5s2q,0.1948,1.28,0.1632
5s29,0.2221,1.29,0.1776
5rgr,0.2001,1.3,0.1728
6ynq,0.2261,1.3,0.1922
2yj8,0.18159,1.3,0.14055
7aph,0.2663,1.3,0.2345
7lux,0.236,1.3,0.1948
7lv2,0.242,1.3,0.2488
7aeh,0.1735,1.3,0.1382
5r82,0.2116,1.31,0.1803
5s3z,0.1858,1.31,0.153
5rgj,0.2062,1.34,0.1757
5rh4,0.2049,1.34,0.1856
7awr,0.1921,1.34,0.1519
7kgq,0.198,1.34,0.179
7d1m,0.157,1.35,0.1167
7k40,0.1915,1.35,0.1698
2yj9,0.20091,1.35,0.15033
6wen,0.1441,1.35,0.1036
7ak4,0.2205,1.359,0.1933
6zco,0.1962,1.36,0.1495
5rvl,0.1948,1.36,0.1643
6h5w,0.1753,1.37,0.1452
6ezp,0.23336,1.37,0.21086
6xhn,0.2467,1.377,0.222
6y84,0.2,1.39,0.1779
7ce0,0.1903,1.39,0.1767
7aqe,0.2231,1.39,0.1966
7kgp,0.2035,1.396,0.1943
5rfc,0.2128,1.4,0.1795
7brr,0.1973,1.4,0.1838
2yjb,0.21779,1.4,0.15887
2acf,0.18916,1.4,0.16414
4m0w,0.17983,1.4,0.15562
7ar5,0.2137,1.4,0.1757
7ar6,0.1904,1.4,0.1653
7axm,0.2095,1.4,0.1428
7jq2,0.2139,1.4,0.1576
7eam,0.1807,1.4,0.174
6xhm,0.2096,1.406,0.1908
5rfd,0.211,1.41,0.1776
6yvf,0.2081,1.41,0.1869
5i4h,0.1841,1.419,0.1626
6wzo,0.1732,1.42,0.1573
5rvv,0.215,1.42,0.1815
7nfv,0.1714,1.42,0.1538
7n0r,0.1662,1.42,0.1405
5rf8,0.2132,1.43,0.1773
5rf9,0.2154,1.43,0.182
5rfw,0.2232,1.43,0.1895
5rgk,0.2099,1.43,0.1742
5rgw,0.2033,1.43,0.1799
5rhb,0.2069,1.43,0.1758
5f02,0.19057,1.43,0.1432
6wnp,0.1959,1.44,0.1807
6yun,0.1888,1.44,0.1479
7m8u,0.229,1.44,0.204
6xho,0.2387,1.446,0.2109
5rf6,0.2174,1.45,0.1806
6xbg,0.2057,1.45,0.1814
6xr3,0.1874,1.45,0.1434
2xu1,0.27217,1.45,0.23367
6w6y,0.1891,1.45,0.1421
7kg3,0.1774,1.45,0.1576
6wzq,0.1802,1.45,0.1673
5rvk,0.1946,1.45,0.1533
7djr,0.201,1.45,0.1664
6jd8,0.2369,1.457,0.1916
5rfe,0.2136,1.46,0.1769
6w79,0.1773,1.46,0.1564
7kph,0.1809,1.46,0.167
5red,0.2112,1.47,0.1814
7aol,0.1924,1.47,0.1654
7p51,0.2157,1.47,0.1814
6xhl,0.2229,1.471,0.2035
7nts,0.2072,1.477,0.1657
5rfb,0.2235,1.48,0.1833
5rfv,0.2236,1.48,0.1873
7k6d,0.2153,1.48,0.1847
5rl2,0.1999,1.48,0.1781
7kyu,0.187,1.48,0.1612
5c5o,0.2714,1.5,0.2467
5rf3,0.221,1.5,0.1853
6lze,0.1989,1.5,0.176
6m0k,0.1931,1.5,0.1795
7jr4,0.1802,1.5,0.153
5amb,0.18115,1.5,0.1575
2vhs,0.22,1.5,0.188
6w02,0.1729,1.5,0.1496
6xip,0.1991,1.5,0.1607
1zva,0.246,1.5,0.211
6m1v,0.212,1.5,0.2034
7lkt,0.2048,1.5,0.1779
7m8t,0.2186,1.5,0.1879
7oao,0.186,1.5,0.1521
5rha,0.2095,1.51,0.1735
5rl3,0.2049,1.51,0.1771
5rfa,0.2151,1.52,0.1767
5rgz,0.209,1.52,0.1801
2xu5,0.27583,1.52,0.21691
5rvo,0.2119,1.52,0.1598
5rvs,0.2226,1.52,0.1672
7n3d,0.1902,1.52,0.1572
7lm9,0.1922,1.527,0.1697
5rf2,0.2216,1.53,0.1817
5rfu,0.2098,1.53,0.1753
7jr3,0.1832,1.53,0.1591
5rl4,0.2052,1.53,0.1795
7mhg,0.2043,1.53,0.1701
7mhm,0.1978,1.5302,0.1606
5rf7,0.2169,1.54,0.1804
7mhl,0.2235,1.5477,0.17
7mhf,0.2223,1.5477,0.1834
5rew,0.2236,1.55,0.1848
5rfx,0.2163,1.55,0.1844
7jme,0.1821,1.55,0.1568
7ay7,0.195,1.55,0.1662
7lkv,0.2084,1.55,0.1764
7bf4,0.1743,1.55,0.1384
7kr1,0.2214,1.55,0.1797
7kxb,0.1877,1.55,0.1606
7kgr,0.221,1.55,0.198
7oaq,0.1783,1.55,0.155
7lzt,0.1966,1.55,0.1679
7lmg,0.2078,1.55,0.1845
5rhe,0.2156,1.56,0.1793
5rgi,0.2117,1.57,0.1703
5rhd,0.2059,1.57,0.1722
6z5t,0.2493,1.57,0.2094
5r83,0.2149,1.58,0.1758
5rfh,0.2368,1.58,0.1886
5rft,0.2368,1.58,0.1953
5rg3,0.215,1.58,0.1751
5rhc,0.2173,1.58,0.1811
6zpe,0.1598,1.58,0.1515
5rl5,0.2174,1.58,0.1842
7l5d,0.201,1.58,0.177
7kgs,0.197,1.58,0.174
7kri,0.1953,1.58,0.1777
3tnt,0.21916,1.59,0.1936
5r7z,0.233,1.59,0.1895
7amj,0.2104,1.59,0.173
7vh8,0.2045,1.59,0.1844
4mds,0.21227,1.598,0.1699
2h2z,0.214,1.6,0.201
4twy,0.3187,1.6,0.2901
5rev,0.2217,1.6,0.1763
5rh6,0.2173,1.6,0.1843
6xbh,0.2207,1.6,0.1735
7buy,0.2012,1.6,0.1793
7c6s,0.2222,1.6,0.2075
7ju7,0.1918,1.6,0.1686
7kfi,0.218,1.6,0.202
6f9t,0.187,1.6,0.1647
6wrh,0.1643,1.6,0.1234
7d6h,0.1734,1.6,0.1618
5f22,0.2523,1.6,0.2119
2beq,0.241,1.6,0.199
2bez,0.244,1.6,0.206
7abu,0.2151,1.6,0.1766
7bb2,0.1886,1.6,0.1642
7jpy,0.2052,1.6,0.1781
7jpz,0.2409,1.6,0.2057
7lkx,0.2123,1.6,0.184
7lzu,0.2011,1.6,0.1778
7lzv,0.2119,1.6,0.1846
5ref,0.2461,1.61,0.1981
5rf4,0.2249,1.61,0.18
7jx6,0.2331,1.61,0.2023
5n19,0.20045,1.62,0.17248
5rel,0.2197,1.62,0.1821
7rfr,0.2281,1.626,0.1937
5rea,0.2282,1.63,0.1852
5rg2,0.2283,1.63,0.1831
7k6e,0.2453,1.63,0.2141
7adw,0.2287,1.63,0.1963
7l10,0.2507,1.63,0.2243
7rc1,0.2217,1.63,0.1905
7dgf,0.2182,1.639,0.1998
5rfl,0.2247,1.64,0.1843
7mc5,0.1969,1.64,0.1663
7rc0,0.1741,1.646,0.1259
7rbz,0.1892,1.649,0.1672
2zu5,0.208,1.65,0.183
3v3m,0.23572,1.65,0.18894
5c5n,0.32142,1.65,0.28999
5r7y,0.2367,1.65,0.1794
5res,0.2263,1.65,0.1814
5rf0,0.2264,1.65,0.1811
5rg1,0.2152,1.65,0.1719
6xa4,0.2393,1.65,0.1982
5amc,0.24169,1.65,0.20772
7k3n,0.2482,1.65,0.203
5y3e,0.19931,1.65,0.16175
5y3q,0.18405,1.65,0.14667
6wx4,0.1958,1.65,0.1696
6w2a,0.203,1.65,0.172
5rl1,0.2103,1.65,0.1819
7alh,0.189,1.65,0.1647
7ali,0.2167,1.65,0.1888
7aww,0.2198,1.65,0.1836
7axo,0.2005,1.65,0.1675
7jq0,0.2271,1.65,0.1967
7jq1,0.2979,1.65,0.2474
7jq4,0.2382,1.65,0.2066
7k0f,0.2252,1.65,0.1805
7lkr,0.2192,1.65,0.1802
7lku,0.2107,1.65,0.1775
7oau,0.1992,1.65,0.1754
7m01,0.2239,1.65,0.178
7lzx,0.2139,1.65,0.1748
7jp0,0.226,1.65,0.1983
7e18,0.1992,1.65,0.184
7baj,0.2066,1.65,0.1855
7l14,0.2044,1.659,0.1757
7a1u,0.2042,1.67,0.1728
7p3d,0.2306,1.67,0.1887
7oru,0.1717,1.67,0.1605
7cuu,0.1963,1.676,0.1646
7dgb,0.2389,1.678,0.2035
5reb,0.2237,1.68,0.1755
5reg,0.2272,1.68,0.1792
5ret,0.222,1.68,0.182
5rfz,0.2265,1.68,0.1808
7aga,0.2225,1.68,0.1858
7aha,0.2011,1.68,0.1655
7be7,0.2013,1.68,0.1766
7bgp,0.201,1.68,0.1704
7mc6,0.2187,1.68,0.1971
7lmj,0.1917,1.686,0.1456
3szn,0.20669,1.69,0.18493
5reu,0.2323,1.69,0.183
5rfi,0.2423,1.69,0.1933
5rgx,0.2181,1.69,0.1824
5rh3,0.2317,1.69,0.1876
6yz6,0.2161,1.69,0.1774
6f9v,0.2121,1.69,0.1834
3kse,0.204,1.69,0.153
5rl0,0.214,1.69,0.1774
7nev,0.2336,1.69,0.1832
7cb7,0.1916,1.69,0.1566
3ea8,0.231,1.696,0.184
2duc,0.221,1.7,0.194
4wy3,0.29891,1.7,0.27367
5rfs,0.2327,1.7,0.1869
5rgh,0.2076,1.7,0.1654
6m2q,0.204,1.7,0.1755
6xbi,0.2166,1.7,0.1732
6xfn,0.2282,1.7,0.1954
6xmk,0.2116,1.7,0.1791
6z2e,0.2434,1.7,0.192
7bqy,0.2257,1.7,0.1949
3of9,0.2494,1.7,0.2244
6vyo,0.2053,1.7,0.1592
1zv7,0.258,1.7,0.209
1zvb,0.239,1.7,0.194
7af0,0.225,1.7,0.1776
7ans,0.2114,1.7,0.1835
7aqi,0.2656,1.7,0.226
7lks,0.2211,1.7,0.1835
7lkw,0.227,1.7,0.186
7nbs,0.256,1.7,0.2061
7mfu,0.2149,1.7,0.1811
7mng,0.2179,1.7,0.1795
7ein,0.2602,1.7,0.235
7aeg,0.2021,1.7,0.1641
7m2p,0.2058,1.7,0.1857
7k0h,0.21,1.7,0.1743
7lmi,0.2156,1.707,0.1674
5rfr,0.2377,1.71,0.1853
5rh7,0.2202,1.71,0.185
7jmp,0.2091,1.712,0.1768
5re9,0.2248,1.72,0.1672
5rej,0.2405,1.72,0.19
5rg0,0.2359,1.72,0.1881
5rgs,0.2306,1.72,0.1825
5rh5,0.2229,1.72,0.186
7kmh,0.2423,1.72,0.1939
7exm,0.2245,1.72,0.1955
7ofu,0.1997,1.72,0.1454
7dau,0.2375,1.72,0.1992
7rfw,0.2274,1.729,0.1947
5rec,0.2371,1.73,0.1826
5rf1,0.2361,1.73,0.1862
7cx9,0.2092,1.73,0.1701
7jt0,0.1917,1.73,0.1666
7kmi,0.2172,1.73,0.1859
5rek,0.2304,1.74,0.1827
5rf5,0.2306,1.74,0.1776
5rfk,0.2348,1.74,0.1875
5rgo,0.2175,1.74,0.1749
7c7p,0.2159,1.74,0.1742
2nqd,0.188,1.74,0.148
7ntj,0.1852,1.74,0.1517
7m8x,0.2734,1.74,0.2293
2qcy,0.208,1.75,0.168
6y2e,0.2224,1.75,0.1712
6en5,0.1976,1.75,0.1728
2gib,0.23451,1.75,0.18726
7olz,0.2092,1.75,0.1757
7m04,0.2228,1.75,0.1799
7dpu,0.199,1.75,0.1647
7m8y,0.2278,1.75,0.195
5rfq,0.227,1.76,0.18
5rgl,0.2289,1.76,0.1804
5rhf,0.2277,1.76,0.1747
7lbn,0.18546,1.76,0.15979
7n5z,0.1969,1.76,0.1555
5ree,0.2424,1.77,0.1832
7k7p,0.2165,1.77,0.1884
7b3e,0.2038,1.77,0.1712
7neh,0.1982,1.77,0.1882
7dav,0.2475,1.77,0.2065
2z94,0.224,1.78,0.191
5rff,0.2474,1.78,0.192
7d1o,0.2485,1.78,0.2228
7ap6,0.2366,1.78,0.1978
7l6t,0.1615,1.78,0.1408
7m8m,0.2343,1.78,0.2056
7ltn,0.2449,1.787,0.1982
2z3c,0.2387,1.79,0.19049
5re7,0.225,1.79,0.1673
5rez,0.2721,1.79,0.2015
7jyc,0.2125,1.79,0.175
5rl9,0.2314,1.79,0.177
3h8b,0.25,1.79,0.216
6wzu,0.1741,1.79,0.16
7sgu,0.1877,1.79,0.1671
7orr,0.1844,1.79,0.1715
7m8z,0.2403,1.79,0.1977
2op9,0.207,1.8,0.17
5reh,0.2573,1.8,0.1871
5rfj,0.2414,1.8,0.1864
5rfn,0.239,1.8,0.1861
6xb0,0.201,1.8,0.1545
6xb1,0.2019,1.8,0.1587
6xhu,0.2464,1.8,0.2021
6xkf,0.239,1.8,0.1898
7brp,0.2396,1.8,0.2156
7jp1,0.2325,1.8,0.189
4c2o,0.21348,1.8,0.18186
4ufa,0.22822,1.8,0.20232
4ufb,0.2351,1.8,0.20671
5am9,0.22907,1.8,0.19674
5ama,0.21764,1.8,0.18675
6en6,0.2263,1.8,0.1934
6h5x,0.2038,1.8,0.1644
6qs1,0.2323,1.8,0.2016
1cs8,0.2285,1.8,0.2066
6jd0,0.2148,1.8,0.1713
1xak,0.275,1.8,0.223
6w4h,0.1627,1.8,0.149
6wks,0.188,1.8,0.152
2fyg,0.23295,1.8,0.19577
2fav,0.206,1.8,0.162
7cdz,0.2266,1.8,0.1973
6yz5,0.1933,1.8,0.1658
7avd,0.2387,1.8,0.1942
7b83,0.2067,1.8,0.1841
7l11,0.2316,1.8,0.2051
7l12,0.2491,1.8,0.1911
7ltj,0.1924,1.8,0.1616
7n0i,0.2714,1.8,0.2394
7ng3,0.2147,1.8,0.1787
7m02,0.2407,1.8,0.181
5re8,0.2483,1.81,0.1903
5rep,0.2311,1.81,0.1783
5rh8,0.2205,1.81,0.1774
7aws,0.2385,1.81,0.2013
2gt7,0.21694,1.82,0.16989
5rei,0.2401,1.82,0.1832
5rgv,0.2319,1.82,0.1871
6wlc,0.1949,1.82,0.1703
5rm2,0.2729,1.82,0.2305
1uze,0.211,1.82,0.188
7n3c,0.2097,1.82,0.1794
7b62,0.1998,1.82,0.1639
7cut,0.2232,1.82,0.1823
5r84,0.2926,1.83,0.2167
5rfo,0.2775,1.83,0.2049
5rgn,0.2332,1.83,0.1836
5rh2,0.2302,1.83,0.1817
7jsu,0.2028,1.83,0.1693
7r6w,0.2316,1.83,0.2113
5r81,0.2494,1.84,0.182
5rm7,0.2686,1.84,0.2216
7bz5,0.1914,1.84,0.1671
7jw8,0.2272,1.84,0.1831
7mgs,0.2273,1.84,0.1934
2amd,0.245,1.85,0.215
2z9k,0.224,1.85,0.187
6wtm,0.2516,1.85,0.2077
6wxc,0.1937,1.85,0.1709
6x4i,0.1889,1.85,0.1658
4bzr,0.25182,1.85,0.21423
4ca5,0.21344,1.85,0.18057
6f9r,0.228,1.85,0.1984
2fe8,0.229,1.85,0.201
6wqd,0.2287,1.85,0.1866
6wtc,0.2141,1.85,0.1868
2og3,0.24711,1.85,0.19904
6zbp,0.2169,1.85,0.185
7jst,0.1961,1.85,0.168
7mzi,0.2075,1.85,0.174
7bal,0.249,1.85,0.2239
7lcs,0.255,1.85,0.1938
7lzy,0.2229,1.85,0.1757
7rn4,0.1897,1.85,0.1656
7k0g,0.2395,1.85,0.1917
7lmh,0.2152,1.85,0.179
2gz7,0.233,1.856,0.204
1q2w,0.249,1.86,0.194
2z9g,0.232,1.86,0.193
5rlm,0.2367,1.86,0.1728
7mbg,0.2221,1.86,0.1949
5re6,0.2505,1.87,0.1857
5rob,0.2538,1.87,0.2187
7kn5,0.2133,1.87,0.1768
7ng6,0.2077,1.87,0.1619
2a5i,0.24224,1.88,0.19813
5reo,0.2268,1.88,0.1676
5rer,0.2526,1.88,0.1872
5rlj,0.228,1.88,0.173
7rbr,0.2284,1.88,0.1867
5sag,0.23,1.88,0.2041
7mhi,0.2276,1.88,0.1857
7mho,0.2077,1.88,0.1667
7ax6,0.2485,1.888,0.1873
2alv,0.315,1.89,0.255
3snd,0.23477,1.89,0.1741
5re4,0.2664,1.89,0.1991
5rl7,0.269,1.89,0.2268
5rm1,0.234,1.89,0.1756
5rma,0.2356,1.89,0.176
7dgi,0.2129,1.898,0.1827
1uj1,0.259,1.9,0.211
2c3s,0.2643,1.9,0.2256
2qiq,0.275,1.9,0.233
5rfy,0.2767,1.9,0.2098
6wtj,0.2348,1.9,0.1986
6xqs,0.2039,1.9,0.171
6y7m,0.2576,1.9,0.2062
7cwb,0.2569,1.9,0.2181
6w01,0.1849,1.9,0.1605
5am8,0.22382,1.9,0.18543
6f9u,0.2088,1.9,0.1672
1mhw,0.2295,1.9,0.1846
7jq5,0.3292,1.9,0.2597
7lyh,0.2219,1.9,0.1799
7lyi,0.2173,1.9,0.2003
7lfz,0.2239,1.9,0.1807
7kgt,0.2053,1.9,0.1692
7ntk,0.2287,1.9,0.1957
7d7k,0.2074,1.9,0.1828
7ofs,0.2142,1.9,0.1847
7n7r,0.2397,1.9,0.217
7oap,0.204,1.9,0.1802
7s3n,0.2205,1.9,0.1819
7k0e,0.2302,1.9,0.1809
7s3k,0.2039,1.9,0.1751
7lco,0.2491,1.9,0.1981
7dk1,0.2094,1.9,0.1896
7rmb,0.1937,1.9,0.1589
7lcp,0.2208,1.9,0.1953
5rh9,0.225,1.91,0.1723
7c2y,0.261688497256,1.91,0.220077061897
5rm0,0.2385,1.91,0.1678
4ca6,0.22296,1.91,0.18675
7nio,0.2865,1.91,0.2296
7n83,0.2317,1.91,0.2084
7ean,0.2239,1.91,0.1911
7rfs,0.2604,1.91,0.2152
5r80,0.2346,1.92,0.173
5rh0,0.2405,1.92,0.1952
5rl6,0.2495,1.92,0.1782
5rlc,0.2522,1.92,0.206
5rmd,0.2605,1.92,0.2174
4axl,0.2303,1.92,0.18843
5sa9,0.2231,1.92,0.1991
2gx4,0.2488,1.93,0.2053
2zu4,0.264,1.93,0.235
7c2q,0.265023272038,1.93,0.226234681098
7jn2,0.2088,1.93,0.1856
7nby,0.1982,1.93,0.1744
7lct,0.2332,1.93,0.19
7lm8,0.2007,1.936,0.1687
6lo0,0.2684,1.939,0.2273
6zsl,0.2531,1.94,0.2094
1zv8,0.27427,1.94,0.2032
7jt7,0.2254,1.94,0.1742
5s71,0.2147,1.94,0.184
7n44,0.2185,1.94,0.1864
7nf5,0.2246,1.94,0.1819
7mgr,0.2286,1.94,0.1933
2hob,0.221,1.95,0.202
2v6n,0.211,1.95,0.164
2z9j,0.248,1.95,0.194
3vb5,0.232,1.95,0.2045
3vb7,0.2304,1.95,0.1875
6y2f,0.2191,1.95,0.1779
7jox,0.2406,1.95,0.1993
7khp,0.2479,1.95,0.2036
5rlk,0.2397,1.95,0.1725
6w75,0.1745,1.95,0.1573
7jit,0.1902,1.95,0.1749
6z4u,0.2567,1.95,0.2175
7vnu,0.2259,1.95,0.1884
7oft,0.2115,1.95,0.1807
7sgw,0.2068,1.95,0.1764
7lyj,0.2506,1.95,0.2102
7nx8,0.2458,1.95,0.2232
7orv,0.202,1.95,0.1703
7orw,0.2086,1.95,0.1745
7r7h,0.2592,1.95,0.2031
7m91,0.2328,1.95,0.1981
5rem,0.2464,1.96,0.175
5rey,0.2735,1.96,0.1958
5rh1,0.2429,1.96,0.184
5rlg,0.2859,1.96,0.2458
7n7u,0.2543,1.96,0.2216
5sad,0.2227,1.96,0.197
7dhj,0.2309,1.96,0.189
7m8n,0.2294,1.96,0.1967
7mhk,0.2482,1.96,0.2039
7lmd,0.2335,1.96,0.1877
7mhq,0.224,1.9601,0.1686
7dgh,0.2352,1.968,0.1958
2gz8,0.24057,1.97,0.21486
6x1b,0.1846,1.97,0.1566
5rlw,0.2372,1.97,0.1711
5rlz,0.2734,1.97,0.2215
2xy9,0.2318,1.97,0.19889
7d47,0.1973,1.97,0.1875
7d2z,0.207,1.97,0.1822
5rgy,0.2461,1.98,0.1947
5rlb,0.2619,1.98,0.214
6wkq,0.1799,1.98,0.1623
7l6r,0.1664,1.98,0.1504
3sn8,0.27047,1.99,0.21715
3tit,0.23493,1.99,0.19226
3tns,0.24524,1.99,0.19677
6m03,0.2458,1.99,0.1962
3nxq,0.23719,1.99,0.19398
4aph,0.24026,1.99,0.19406
4c2p,0.2467,1.99,0.21124
7dqz,0.257456842921,1.99,0.228270240864
1wof,0.239,2.0,0.201
2bx3,0.257,2.0,0.175
2gt8,0.24092,2.0,0.17487
2gtb,0.26971,2.0,0.19644
3aw1,0.26266,2.0,0.22371
5n5o,0.25152,2.0,0.19222
6wtk,0.2553,2.0,0.2059
7bro,0.259,2.0,0.2262
7c6u,0.2512,2.0,0.2415
7d3i,0.2089,2.0,0.1659
7joy,0.252,2.0,0.217
1o86,0.22,2.0,0.18
1o8a,0.22,2.0,0.18
1uzf,0.227,2.0,0.184
2iul,0.22,2.0,0.18
1icf,0.213,2.0,0.182
2xyq,0.22675,2.0,0.21315
3r24,0.222,2.0,0.193
6w61,0.193,2.0,0.1706
6wjt,0.1911,2.0,0.1711
6wvn,0.178,2.0,0.1623
7kok,0.2106,2.0,0.184
6yhu,0.239342382078,2.0,0.214328180177
6wxd,0.2534,2.0,0.2145
7c22,0.2382,2.0,0.1887
7arf,0.2527,2.0,0.205
6z6i,0.2786,2.0,0.2289
7bf3,0.2174,2.0,0.1754
7de1,0.2227,2.0,0.1713
7b3o,0.2245,2.0,0.1852
7f2b,0.2135,2.0,0.1566
7sqe,0.2047,2.0,0.1739
7sgv,0.2074,2.0,0.1806
7mzg,0.2364,2.0,0.2003
7p3e,0.2479,2.0,0.2141
7rm2,0.1901,2.0,0.1664
7rme,0.2035,2.0,0.1629
7mhj,0.2421,2.0,0.1942
7rmt,0.1957,2.0,0.1633
7s4b,0.2098,2.0,0.1717
7s3s,0.222,2.0,0.1832
7m00,0.2654,2.0,0.2113
7si9,0.2067,2.0,0.1716
7rls,0.201,2.0,0.1624
7lkd,0.2257,2.0,0.1824
7m03,0.2488,2.0,0.183
7dgg,0.2169,2.0,0.1761
7ldl,0.2611,2.0,0.2068
7n89,0.218,2.0,0.1706
7lzz,0.229,2.0,0.1723
7rnh,0.2005,2.0,0.1614
7mhp,0.2174,2.0005,0.1592
6vxs,0.2335,2.01,0.1864
5rmh,0.2426,2.02,0.1633
6f06,0.27428,2.02,0.20118
7koj,0.2027,2.02,0.1832
7m1y,0.2129,2.02,0.1841
5sai,0.222,2.02,0.1952
5rfp,0.2968,2.03,0.2067
5sac,0.2172,2.03,0.1869
7n3i,0.2082,2.03,0.179
5rgm,0.2237,2.04,0.1739
7jtl,0.2574,2.04,0.2174
7bek,0.2195,2.04,0.1997
7rzc,0.2117,2.04,0.1776
7s4s,0.1979,2.04,0.1657
6yt8,0.2327,2.05,0.2035
7c8t,0.2334,2.05,0.1843
2xyv,0.23361,2.05,0.2004
7jyy,0.1846,2.05,0.1658
7jiv,0.2009,2.05,0.1878
6w9q,0.2459,2.05,0.2327
6wji,0.2275,2.05,0.1869
7bfb,0.1991,2.05,0.1838
7bf5,0.2168,2.05,0.1772
7lw3,0.2511,2.05,0.2224
5sa4,0.2252,2.05,0.204
7rtd,0.235,2.05,0.196
7bak,0.2193,2.05,0.2
5rfm,0.2572,2.06,0.1779
5rm5,0.2621,2.06,0.2059
7n1a,0.2407,2.065,0.1968
7ntv,0.2275,2.065,0.1949
5re5,0.2649,2.07,0.1811
5rex,0.2507,2.07,0.1749
5rgp,0.2019,2.07,0.161
5rm9,0.2543,2.07,0.1671
7awu,0.2584,2.07,0.2146
2a5a,0.24638,2.08,0.19171
3tiu,0.2362,2.08,0.18258
5rll,0.2673,2.08,0.2154
5rmk,0.2737,2.08,0.2216
7kjr,,2.08,
7cr5,0.222,2.08,0.1908
4hi3,0.24138,2.09,0.18987
5rm3,0.274,2.09,0.2161
7jir,0.1998,2.09,0.1858
7kvl,0.2272,2.09,0.1912
7mlx,0.2309,2.09,0.1994
7n7y,0.2408,2.09,0.217
5sa5,0.2191,2.09,0.1786
7e8m,0.1986,2.09,0.1689
7mf1,0.2503,2.092,0.2068
2z3d,0.24813,2.1,0.19812
2z9l,0.259,2.1,0.196
3m3v,0.2736,2.1,0.2005
6w63,0.2214,2.1,0.1499
6xb2,0.2572,2.1,0.1956
6xoa,0.2509,2.1,0.2055
6zrt,0.2366,2.1,0.1988
6zru,0.2154,2.1,0.1876
7cwc,0.2593,2.1,0.2307
5rlo,0.2428,2.1,0.1671
5rmj,0.2965,2.1,0.233
3bkk,0.251,2.1,0.202
4bzs,0.27681,2.1,0.23314
6wq3,0.1859,2.1,0.1661
2g9t,0.247,2.1,0.217
4ow0,0.2045,2.1,0.176
7cjf,0.2285,2.1,0.1846
7jq3,0.2544,2.1,0.2066
7d30,0.2359,2.1,0.1949
7kfv,0.2155,2.1,0.183
7deu,0.2294,2.1,0.2086
7mzh,0.2653,2.1,0.2199
7faz,0.2428,2.1,0.1903
7fay,0.2336,2.1,0.1929
7dpp,0.2202,2.1,0.1849
7lme,0.2405,2.1,0.1801
7rnk,0.2064,2.1,0.1756
7rmz,0.1893,2.1,0.1522
7l8i,0.2631,2.1,0.2063
7nw2,0.2236,2.1,0.1923
5rgu,0.2383,2.11,0.1781
5rmg,0.2559,2.11,0.1701
5rmi,0.2513,2.11,0.1643
7d7l,0.2183,2.11,0.1833
5saf,0.2219,2.11,0.1922
7kvr,0.2245,2.12,0.2
5sae,0.223,2.12,0.1916
5rm6,0.2511,2.13,0.1622
5ren,0.2779,2.14,0.1738
5rm8,0.2483,2.14,0.1669
7nt2,0.2514,2.14,0.2019
5rgq,0.225,2.15,0.18
6wtt,0.3001,2.15,0.2145
5rln,0.2584,2.15,0.1741
5rmc,0.2575,2.15,0.2089
2xyd,0.25589,2.15,0.21991
7jz0,0.1981,2.15,0.1733
7c8v,0.2239,2.15,0.1836
7bf6,0.2258,2.15,0.1803
7kgo,0.2293,2.15,0.1829
7n7w,0.2281,2.15,0.1938
7e19,0.2346,2.15,0.1913
7mbi,0.2607,2.15,0.2041
7lcq,0.2232,2.15,0.1955
7kfy,0.2486,2.157,0.2054
6lu7,0.235,2.16,0.202
6ywm,0.2292,2.16,0.1752
7kmg,0.2571,2.16,0.2086
5sah,0.2557,2.16,0.245
7cot,0.2466,2.16,0.1967
2gz9,0.248,2.17,0.209
7l13,0.2476,2.17,0.1967
7rqg,0.2417,2.17,0.1968
7ddc,0.2338,2.175,0.1812
3bkl,0.24,2.18,0.2
7jpe,0.237,2.18,0.217
7neg,0.2228,2.19,0.1945
7nuk,0.2608,2.19,0.2155
7mhh,0.2547,2.19,0.1994
7m90,0.2726,2.19,0.2164
7mhn,0.2169,2.1908,0.1626
6m2n,0.2544,2.198,0.2254
1uk2,0.253,2.2,0.226
3eaj,0.257,2.2,0.201
3vb3,0.2306,2.2,0.1891
3vb4,0.2354,2.2,0.1817
5b6o,0.2536,2.2,0.2064
6xch,0.237,2.2,0.197
6xqu,0.2338,2.2,0.176
6y2g,0.2473,2.2,0.1862
7c8b,0.23,2.2,0.177
7jvz,0.21719,2.2,0.17227
6vww,0.1777,2.2,0.1577
5rmb,0.249,2.2,0.1648
5rmm,0.2805,2.2,0.2123
1r42,0.287,2.2,0.235
4bxk,0.21965,2.2,0.18653
1cjl,0.241,2.2,0.182
3bc3,0.234,2.2,0.183
3iv2,0.24376,2.2,0.2021
3of8,0.253,2.2,0.1939
6woj,0.2519,2.2,0.1993
6ywk,0.2139,2.2,0.1763
1wyy,0.249,2.2,0.21
2ghv,0.21312,2.2,0.18237
5x4s,0.2824,2.2,0.2519
6waq,0.2359,2.2,0.2026
7lfp,0.261,2.2,0.2174
7lbr,0.2406,2.2,0.1959
7ci3,0.2598,2.2,0.2295
7o7y,,2.2,
7dhg,0.2668,2.2,0.2241
7n06,,2.2,
7lxy,,2.2,
6x45,0.2784,2.2,0.2429
7det,0.2599,2.2,0.212
7n4j,0.2069,2.2,0.172
7lmf,0.2539,2.2,0.1857
7lzw,0.2576,2.2,0.1835
5rl8,0.2695,2.21,0.2094
5rlv,0.2596,2.21,0.201
5rgt,0.2714,2.22,0.2261
2w2g,0.268,2.22,0.211
7kfx,0.2261,2.22,0.1909
5sa7,0.2246,2.22,0.1992
5rld,0.2696,2.23,0.1662
5rlq,0.2539,2.23,0.1545
5rme,0.2844,2.23,0.2118
5rmf,0.2704,2.23,0.2075
7ldx,0.2727,2.23,0.2417
7lw4,0.2405,2.23,0.2038
7lfv,0.2346,2.23,0.1972
7m8p,0.2314,2.23,0.1848
5rlf,0.2539,2.24,0.1607
5saa,0.2265,2.24,0.192
6lnq,0.2391,2.244,0.1992
6lny,0.2527,2.245,0.2041
7lop,0.268,2.246,0.2197
2vj1,0.256,2.25,0.183
5rgg,0.2165,2.25,0.1665
7com,0.2463,2.25,0.1978
7k1l,0.1915,2.25,0.1666
5rli,0.2681,2.25,0.1967
2oc2,0.262,2.25,0.215
6wrz,0.1902,2.25,0.162
6xkm,0.2126,2.25,0.2065
7jhe,0.2485,2.25,0.2231
7mzk,0.2351,2.25,0.1972
7kn3,0.2219,2.25,0.1863
7nx6,0.2484,2.25,0.2073
7rn0,0.241,2.25,0.2138
7p35,0.2581,2.256,0.2
5rle,0.2616,2.27,0.1514
7vnb,0.2033,2.27,0.1767
7c53,0.2418,2.278,0.1951
5rls,0.2541,2.28,0.1564
5s6z,0.2223,2.28,0.1909
7n4i,0.2378,2.28,0.1999
7eo8,0.271979188709,2.28,0.227151126139
2ghw,0.29537,2.29,0.24843
7lfu,0.2647,2.29,0.2244
7lg0,0.2684,2.296,0.2001
7nkt,0.2239,2.297,0.1843
2a5k,0.24889,2.3,0.17467
2amq,0.23,2.3,0.194
3atw,0.24335,2.3,0.20091
3aw0,0.28636,2.3,0.22479
3ea9,0.261,2.3,0.199
3f9f,0.246,2.3,0.208
3m3s,0.257,2.3,0.1959
6wqf,0.2296,2.3,0.1796
6xqt,0.2769,2.3,0.2254
7c8r,0.2483,2.3,0.2002
3l3n,0.266,2.3,0.226
4c2r,0.23783,2.3,0.20126
7jiw,0.2395,2.3,0.2121
2ahm,0.251,2.3,0.213
2dd8,0.261,2.3,0.199
7lg3,0.2476,2.3,0.1902
6z72,0.2632,2.3,0.218
7lg7,0.2056,2.3,0.1785
7llf,0.2598,2.3,0.2174
7beh,0.2296,2.3,0.2132
7bei,0.2319,2.3,0.1837
7kgj,0.2163,2.3,0.1859
5sa8,0.2224,2.3,0.1909
7n6d,0.247,2.3,0.2126
7mzm,0.2573,2.3,0.216
7n8h,,2.3,
7nx7,0.239,2.3,0.2075
7dhx,0.2349,2.3,0.1944
7n1e,0.2582,2.3,0.2123
6iex,0.2606,2.3,0.2108
7mpb,0.244,2.3,0.2099
7rn1,0.2225,2.3,0.198
2z3e,0.23123,2.32,0.18746
5rfg,0.3065,2.32,0.2121
5rlr,0.2826,2.32,0.2088
5s6x,0.2218,2.32,0.1837
5s6y,0.2537,2.32,0.2093
7nt3,0.2709,2.32,0.2063
7mrr,0.2455,2.32,0.194
3hwn,0.34718,2.33,0.24991
6xc4,0.2192,2.33,0.184
5s70,0.2276,2.33,0.182
6ezx,0.29685,2.34,0.22152
7oay,0.2275,2.34,0.1919
7or9,0.2296,2.34,0.1935
7cbt,0.292,2.346,0.2092
3fzd,0.277,2.35,0.214
7c8u,0.2728,2.35,0.2115
6xdh,0.1825,2.35,0.1572
5rlu,0.2731,2.35,0.1597
7jmo,0.2381,2.35,0.1951
7bnv,0.2646,2.35,0.2236
7m8s,0.2475,2.35,0.1971
7dpv,0.2336,2.35,0.2021
7chp,0.2198,2.357,0.1934
7ldj,0.2681,2.36,0.2103
7bq7,0.2085,2.37,0.1798
5rlh,0.2508,2.38,0.1561
7nng,0.2948,2.38,0.2448
7l0d,0.261,2.39,0.2012
7n1f,0.2357,2.39,0.197
7djz,0.2298,2.397,0.1832
1uk3,0.245,2.4,0.229
2q6g,0.267,2.4,0.199
3ebn,0.243,2.4,0.208
3snb,0.25005,2.4,0.20855
7koa,0.2766,2.4,0.2339
7k1o,0.2425,2.4,0.2068
2ydm,0.26261,2.4,0.21431
4c2q,0.2451,2.4,0.18826
6yz1,0.2256,2.4,0.1866
6wc1,0.278,2.4,0.232
6xlu,,2.4,
7chb,0.2256,2.4,0.1924
7nbr,0.2694,2.4,0.1801
7lg2,0.2537,2.4,0.1903
7e35,0.3171,2.4,0.2814
7o7z,,2.4,
7nx9,0.2285,2.4,0.1995
7sob,,2.4,
7so9,,2.4,
7ekh,0.228,2.4,0.2098
7mzj,0.2682,2.4,0.2221
7chs,0.2244,2.4,0.1908
7dg6,0.2326,2.4,0.1754
4tww,0.261,2.41,0.2317
7e7y,0.2414,2.41,0.1973
5rml,0.2885,2.42,0.207
6yla,0.2367,2.42,0.2127
7bej,0.2314,2.42,0.1896
7kqb,,2.42,
7mmo,0.2526,2.427,0.2261
3e91,0.256,2.43,0.179
5rlt,0.2635,2.43,0.1508
5rly,0.2605,2.43,0.1544
3h89,0.28,2.43,0.22
5tl7,0.26744,2.44,0.19211
7lgo,0.3175,2.44,0.2608
7m8o,0.288,2.44,0.2114
6m0j,0.2269,2.45,0.192
7l8j,0.2811,2.45,0.2233
7ca8,0.278864221627,2.45,0.229531125451
7d64,0.265391631147,2.45,0.196267853325
3avz,0.26261,2.46,0.22125
7lo4,0.2514,2.46,0.1928
6lvn,0.258,2.469,0.2148
6xg3,0.193,2.48,0.1513
7jrn,0.2872,2.48,0.2454
7me0,,2.48,
5sab,0.2307,2.49,0.1856
7mzf,0.2272,2.49,0.1851
7efr,0.2289,2.49,0.1901
7aku,0.2353,2.491,0.1823
6m5i,0.2917,2.496,0.208
1uk4,0.231,2.5,0.213
2pwx,0.296,2.5,0.244
3ea7,0.249,2.5,0.178
3f9e,0.308,2.5,0.252
3vb6,0.2453,2.5,0.1881
6lzg,0.2156,2.5,0.1884
3h8c,0.292,2.5,0.237
3k24,0.27002,2.5,0.20926
2xyr,0.23517,2.5,0.20087
7c2i,0.2088,2.5,0.174
3e9s,0.261,2.5,0.196
4ovz,0.2429,2.5,0.1821
6ywl,0.2232,2.5,0.1889
7cjd,0.2819,2.5,0.2331
2cjr,0.269,2.5,0.256
7aap,,2.5,
7bv2,,2.5,
7ben,0.2822,2.5,0.2404
7jwy,,2.5,
7n33,,2.5,
7n0d,,2.5,
7nxa,0.2525,2.5,0.2054
7l7d,0.231,2.5,0.1846
7deo,0.2321,2.5,0.1872
7orb,0.2513,2.5,0.2128
7ly2,,2.5,
7rfu,0.2761,2.5,0.2067
5s72,0.2767,2.51,0.211
7r98,0.2732,2.51,0.2264
7e3o,0.2589,2.51,0.204
7bem,0.2469,2.52,0.2169
5sa6,0.2224,2.52,0.1969
7bel,0.2856,2.53,0.2494
6zct,0.1946,2.55,0.1895
6xkq,0.2546,2.55,0.204
7kn6,0.2385,2.55,0.1931
5rlp,0.2527,2.56,0.1412
7cho,0.2473,2.56,0.2017
7d4f,,2.57,
7kx5,0.2792,2.57,0.2101
7dcd,0.3533,2.57,0.2539
3snc,0.28037,2.58,0.2154
7kol,0.2061,2.58,0.1875
4c2n,0.2631,2.59,0.20768
7cmd,0.298,2.59,0.2437
7aqj,0.2596,2.59,0.2174
7keh,0.22,2.59,0.187
3f9g,0.306,2.6,0.232
3sne,0.24083,2.6,0.18815
2h85,0.24008,2.6,0.20758
7k9p,0.20877,2.6,0.19137
4apj,0.25611,2.6,0.21518
6zlw,,2.6,
6zmi,,2.6,
3ee7,0.268,2.6,0.216
6zge,,2.6,
7k43,,2.6,
7kgk,0.2764,2.6,0.258
7klw,0.2548,2.6,0.2061
7ora,0.2448,2.6,0.204
7r8l,0.2286,2.6,0.1797
7rtr,0.235,2.6,0.191
7e7b,,2.6,
7ly0,,2.6,
7mtc,,2.6,
7lxz,,2.6,
7kf4,0.246,2.61,0.219
7bep,0.2408,2.61,0.2025
5tl6,0.2496,2.618,0.1909
7b18,,2.62,
7ekg,0.2484,2.63,0.2138
7cz4,0.215,2.64,0.171
6zcz,0.2595,2.64,0.2146
7jib,0.1809,2.65,0.1549
3mj5,0.24816,2.65,0.2085
7jx3,0.2881,2.65,0.2578
7m7w,0.271,2.65,0.2212
7my2,,2.65,
2qc2,0.281,2.66,0.206
7kfj,0.268,2.66,0.22
7mjh,,2.66,
7m71,,2.66,
6wkp,0.2477,2.67,0.1973
7chf,0.2698,2.67,0.2196
7nxb,0.246,2.67,0.2126
7rnj,0.2736,2.67,0.2349
6vw1,0.2288,2.68,0.197
6jyt,0.2925,2.69,0.2375
7diy,0.2637,2.69,0.2301
7efp,0.2242,2.69,0.1838
7lke,0.2937,2.69,0.2251
7kn4,0.291,2.697,0.2408
6xc3,0.2253,2.698,0.1773
2d2d,0.282,2.7,0.209
3d62,0.363,2.7,0.259
6zm7,,2.7,
2ga6,0.267,2.7,0.219
6w9c,0.2791,2.7,0.235
6xaa,0.2599,2.7,0.2096
7jlt,0.283,2.7,0.2365
1qz8,0.28035,2.7,0.24792
6m3m,0.2934,2.7,0.2578
1xjr,0.24326,2.7,0.23136
6x29,,2.7,
6xkp,0.2694,2.7,0.2199
6xm0,,2.7,
7ch5,0.2598,2.7,0.2269
7chc,0.2858,2.7,0.2121
7jzl,,2.7,
7jqb,,2.7,
7jn5,0.2721,2.7,0.2111
7czt,,2.7,
7df3,,2.7,
7dfg,,2.7,
7eke,0.2407,2.7,0.2119
7dwy,,2.7,
7v8a,,2.7,
7rks,0.2467,2.7,0.1946
6z2m,0.241,2.71,0.1983
7cm4,0.2418,2.71,0.2166
4axm,0.25716,2.72,0.18777
7krx,0.249,2.72,0.2097
7sdr,0.2122,2.72,0.1729
7kn7,0.2409,2.73,0.2033
7mjk,,2.73,
4mm3,0.2787,2.75,0.1872
6xe1,0.2394,2.75,0.2116
7a4n,,2.75,
7dat,0.2283,2.75,0.1941
7c8w,0.2668,2.77,0.205
7kfw,0.2293,2.77,0.1893
7l0n,0.3247,2.78,0.2904
7e7x,0.2789,2.78,0.2484
2bx4,0.302,2.79,0.208
7c2j,0.2349,2.79,0.2021
6wuu,0.2297,2.79,0.1952
7lfe,0.2527,2.79,0.205
3m3t,0.2732,2.8,0.1851
2rhb,0.25953,2.8,0.19788
2ajf,0.275,2.8,0.218
2iux,0.2369,2.8,0.2006
3d0g,0.279,2.8,0.214
6zoj,,2.8,
6zok,,2.8,
2wct,0.2399,2.8,0.2233
1uw7,0.314,2.8,0.228
7bv1,,2.8,
1wnc,0.273,2.8,0.233
3bgf,0.286,2.8,0.234
6vxx,,2.8,
7kdk,,2.8,
7kvg,0.2385,2.8,0.2036
6zol,,2.8,
7lbs,0.2601,2.8,0.2016
7b3d,,2.8,
7czq,,2.8,
7czw,,2.8,
7czx,,2.8,
7nd9,,2.8,
7ekc,0.2252,2.8,0.2141
7m3i,0.2811,2.8,0.2454
7v89,,2.8,
7soe,,2.8,
7v7q,,2.8,
7lxw,,2.8,
7eu2,0.2662,2.8,0.2312
7v82,,2.8,
7e5o,0.2562,2.8,0.2262
7np1,0.281,2.8,0.2321
7v83,,2.8,
7v86,,2.8,
7n6n,0.2554,2.8,0.1992
7mji,,2.81,
7n1b,0.2691,2.81,0.2111
7mjg,,2.81,
7cyq,,2.83,
7kzb,0.3356,2.83,0.2514
7lwm,,2.83,
7mjm,,2.83,
7lwl,,2.84,
5e6j,0.2643,2.85,0.2323
6wiq,0.2523,2.85,0.2082
6zb5,,2.85,
7bwj,0.264,2.85,0.2191
7kkl,,2.85,
7lwo,,2.85,
7ekf,0.2238,2.85,0.2081
7nt1,0.2784,2.85,0.2041
7cam,0.3092,2.85,0.2013
6xc7,0.2591,2.88,0.2189
7c01,0.2651,2.88,0.2181
7klh,0.2835,2.88,0.2561
7kqe,,2.88,
7jmw,0.2908,2.89,0.2379
7vmu,0.2729,2.89,0.241
3f9h,0.294,2.9,0.232
2ozk,0.30068,2.9,0.24337
3d0i,0.278,2.9,0.224
3sci,0.28264,2.9,0.22587
6m17,,2.9,
6m18,,2.9,
6zp4,,2.9,
7k5i,,2.9,
6xa9,0.2305,2.9,0.1997
6w4b,0.276,2.9,0.2398
6xdc,,2.9,
6m71,,2.9,
6yyt,,2.9,
7cxm,,2.9,
6lxt,0.2896,2.9,0.2593
6x79,,2.9,
6xm3,,2.9,
6xm4,,2.9,
6xr8,,2.9,
6zgi,,2.9,
7keg,0.218,2.9,0.175
7llz,0.2427,2.9,0.1959
7los,0.2929,2.9,0.2094
7bh9,,2.9,
7o80,,2.9,
7e86,0.2546,2.9,0.1956
7v7r,,2.9,
7b27,0.3051,2.9,0.2661
7v7e,,2.9,
7v7o,,2.9,
7v7p,,2.9,
7my3,,2.9,
7v7f,,2.9,
7f4w,0.2982,2.9,0.2438
7v7n,,2.9,
7s0b,0.2597,2.9,0.2146
7n1q,,2.9,
7dx8,,2.9,
7re1,,2.91,
7ad1,,2.92,
7lwk,,2.92,
7c2k,,2.93,
6zxn,,2.93,
7r6x,0.2624,2.93,0.2323
7cn4,,2.93,
7a29,,2.94,
7can,0.2671,2.94,0.2144
7lwn,,2.94,
7btf,,2.95,
7k9z,0.2871,2.95,0.2612
7m7b,,2.95,
7bwq,0.2989,2.95,0.2128
7mjl,,2.95,
5rm4,0.2533,2.96,0.1679
7cdi,0.2538,2.96,0.202
7kdl,,2.96,
7lab,,2.97,
7dfh,,2.97,
7l2e,,2.97,
7lmc,0.2881,2.977,0.2076
7rbs,0.2358,2.98,0.1951
7rb0,,2.98,
7p77,,2.98,
7b0b,0.2462,2.98,0.209
7e3j,0.2479,2.99,0.2272
1r4l,0.337,3.0,0.253
2c6f,0.273,3.0,0.224
2c6n,0.308,3.0,0.294
3scj,0.27771,3.0,0.22961
3sck,0.28529,3.0,0.2392
3scl,0.29178,3.0,0.23881
6j8e,,3.0,
6zme,,3.0,
6zmt,,3.0,
6zon,,3.0,
6xra,,3.0,
6zow,,3.0,
6zox,,3.0,
6zp0,,3.0,
7c8d,,3.0,
7jv6,,3.0,
7czp,,3.0,
7d00,,3.0,
7ddd,,3.0,
7dte,,3.0,
7oan,,3.0,
7lww,,3.0,
7k9j,,3.0,
7v84,,3.0,
7v7t,,3.0,
7v7u,,3.0,
7v7s,,3.0,
7v7d,,3.0,
7l7e,0.2729,3.0,0.2154
7lxx,,3.0,
7dx6,,3.0,
7m6d,0.2591,3.0,0.2185
7ly3,0.2339,3.0,0.2085
7n8i,,3.0,
7n3k,0.2855,3.0,0.2263
7kdg,,3.01,
7lwp,,3.01,
7n0g,,3.02,
6zb4,,3.03,
7kkk,,3.03,
7nn0,0.2838,3.04,0.2438
3sna,0.2563,3.05,0.19004
7kdt,,3.05,
7klg,0.2902,3.05,0.2709
7a25,,3.06,
7lwi,,3.07,
6w41,0.2433,3.08,0.2226
7ke9,,3.08,
6zlr,0.2472,3.09,0.2176
7drv,0.25,3.09,0.226
7f2e,0.2975,3.098,0.2676
3d0h,0.302,3.1,0.221
6kzp,,3.1,
6zmo,,3.1,
6nur,,3.1,
6wps,,3.1,
6xm5,,3.1,
6zoy,,3.1,
6zp2,,3.1,
6zp5,,3.1,
7c2l,,3.1,
7jzn,,3.1,
7jzu,,3.1,
7ke6,,3.1,
7b3b,,3.1,
7l09,,3.1,
7rdy,,3.1,
7rdx,,3.1,
7o81,,3.1,
7mzn,0.2585,3.1,0.2233
7dx1,,3.1,
7soa,,3.1,
7v7v,,3.1,
7v7z,,3.1,
7ra8,,3.1,
7v7g,,3.1,
7sbp,,3.1,
7sbk,,3.1,
6du8,,3.11,
6xc2,0.2674,3.11,0.2134
7n1t,,3.11,
7lwv,,3.12,
7rr0,,3.12,
7fdi,,3.12,
7kag,0.2478,3.13,0.2143
7cyv,0.2762,3.13,0.2518
7p7b,,3.13,
7nxc,0.2783,3.14,0.2263
7e88,0.2548,3.14,0.2173
7k9k,,3.14,
7n1u,,3.14,
7d7t,0.3127,3.15,0.2459
7ch4,0.2726,3.15,0.2253
7msx,,3.15,
7mm0,,3.15,
7e8c,,3.16,
7mkm,,3.16,
7re2,,3.17,
6yva,0.2902,3.18,0.2496
7c8j,0.2708,3.18,0.2185
7l5b,0.2387,3.18,0.1868
7n9t,,3.18,
7e8f,,3.18,
7beo,0.2735,3.19,0.2341
7km5,0.2941,3.19,0.2468
7lwt,,3.19,
7dk0,0.2648,3.199,0.2183
3iwm,0.2721,3.2,0.2204
5c8t,0.2646,3.2,0.2427
6agf,,3.2,
6j8g,,3.2,
6j8h,,3.2,
6j8i,,3.2,
6j8j,,3.2,
6zn5,,3.2,
7cjm,0.2859,3.2,0.2681
7ctt,,3.2,
5x58,,3.2,
6crv,,3.2,
6vyb,,3.2,
6x2c,,3.2,
7k8m,0.2342,3.2,0.1753
7cwn,,3.2,
7czz,,3.2,
7d03,,3.2,
7dmu,0.1979,3.2,0.1788
7l02,,3.2,
7ozv,,3.2,
7krp,,3.2,
7e7d,,3.2,
7krs,,3.2,
7sod,,3.2,
7v8b,,3.2,
7mkl,,3.2,
7vxe,,3.2,
7v7h,,3.2,
7edf,,3.2,
7mte,,3.2,
7ey0,,3.2,
7rku,0.2311,3.2,0.1876
7dx0,,3.2,
7v81,,3.2,
7v76,,3.2,
7edg,,3.2,
7n6e,0.2941,3.2,0.2389
7k9h,,3.2,
6xkl,,3.21,
7ke4,,3.21,
7n1v,,3.21,
6x6p,,3.22,
7lwu,,3.22,
7lws,,3.22,
7k90,,3.24,
7l7f,,3.24,
7n5h,,3.24,
7lwj,,3.24,
6xey,,3.25,
7lqv,,3.25,
7s0c,,3.25,
7bzf,,3.26,
7kdi,,3.26,
7ke8,,3.26,
7l3n,,3.27,
7rb2,,3.27,
7jvb,0.3222,3.287,0.2813
6yz7,0.2688,3.29,0.2377
7l7k,,3.29,
7mjn,,3.29,
5c8s,0.2594,3.3,0.2171
3kbh,0.29973,3.3,0.26817
6kzo,,3.3,
5zvm,0.3014,3.3,0.2476
6crz,,3.3,
6x2a,,3.3,
6z43,,3.3,
6zp1,,3.3,
6zp7,,3.3,
7jvc,,3.3,
7k4n,,3.3,
7k0r,,3.3,
7jqc,,3.3,
7czv,,3.3,
7czy,,3.3,
7dpm,0.2633,3.3,0.2174
7l06,,3.3,
7nda,,3.3,
7ozu,,3.3,
7dwz,,3.3,
7ezv,,3.3,
7dx2,,3.3,
7v77,,3.3,
7k9i,,3.3,
7dx5,,3.3,
7v88,,3.3,
7edj,,3.3,
7edi,,3.3,
7e23,,3.3,
7v7i,,3.3,
7v79,,3.3,
7soc,,3.3,
7m42,,3.3,
7v85,,3.3,
7v87,,3.3,
7m6e,,3.3,
6zh9,0.3052,3.31,0.2609
7ke7,,3.32,
7mjj,,3.32,
7lyo,,3.32,
7p78,,3.32,
7lyn,,3.32,
7kdh,,3.33,
7kea,,3.33,
7ksg,,3.33,
7re3,,3.33,
7n1w,,3.33,
7lyq,,3.34,
7n0h,,3.34,
7lcn,,3.35,
7egq,,3.35,
7nt9,,3.36,
5nfy,0.2349,3.382,0.1926
7kmb,,3.39,
7cdj,0.2709,3.396,0.2314
5c8u,0.2663,3.4,0.2179
6nq2,,3.4,
6nt3,,3.4,
6xqb,,3.4,
6z97,,3.4,
7jv4,,3.4,
7k8s,,3.4,
7k8t,,3.4,
7kj4,,3.4,
7b3c,,3.4,
7cws,,3.4,
7czu,,3.4,
7d0c,,3.4,
7ld1,,3.4,
7nd5,,3.4,
7krn,,3.4,
7n0c,,3.4,
7eb5,,3.4,
7krq,,3.4,
7ey5,,3.4,
7v8c,,3.4,
7r8m,,3.4,
7dx7,,3.4,
7v7j,,3.4,
7v7a,,3.4,
7v78,,3.4,
7sbl,,3.4,
7v2a,,3.4,
7lq7,0.2334,3.4,0.1974
7d6i,0.2551,3.41,0.2255
7che,0.2388,3.416,0.2247
6xcm,,3.42,
7laa,,3.42,
7ls9,,3.42,
7n4l,0.3294,3.43,0.2623
7sg4,,3.43,
7l2c,0.2718,3.44,0.2163
7lwq,,3.44,
7lx5,,3.44,
6xf5,,3.45,
7dzw,,3.45,
7rkv,,3.45,
6vsb,,3.46,
7keb,,3.48,
7m8j,,3.48,
7cai,,3.49,
7chh,,3.49,
7kdj,,3.49,
6xez,,3.5,
6n4i,0.2942,3.5,0.2745
6nq1,,3.5,
6nt4,,3.5,
6nus,,3.5,
6zoz,,3.5,
6zwv,,3.5,
7jv2,,3.5,
7jzm,,3.5,
7k8z,,3.5,
6yxj,0.3355,3.5,0.3127
7bnn,,3.5,
7cwu,,3.5,
7czr,,3.5,
7nd8,,3.5,
7re0,,3.5,
7vx1,,3.5,
7ej5,,3.5,
7cyp,,3.5,
7mtd,,3.5,
7eaz,,3.5,
7krr,,3.5,
7rw2,,3.5,
7nta,,3.5,
7p40,,3.5,
7vne,,3.5,
7dx3,,3.5,
7r8o,,3.5,
7n9a,,3.5,
7eb4,,3.5,
7s0d,,3.5,
7cab,,3.52,
7n9e,,3.52,
7m0j,,3.52,
5ek0,0.2719,3.53,0.2427
6x2g,,3.53,
7dzx,,3.53,
7lrt,,3.54,
7cac,,3.55,
7r8n,,3.55,
7l2d,,3.55,
7mej,,3.55,
7lym,,3.57,
7n4m,0.3168,3.57,0.2575
7cak,,3.58,
7mdw,,3.58,
7e5y,0.2765,3.59,0.2317
6n4q,,3.6,
6acc,,3.6,
6x2b,,3.6,
7a91,,3.6,
7jji,,3.6,
7jva,,3.6,
7k8w,,3.6,
7kj2,,3.6,
7kj5,,3.6,
7bnm,,3.6,
7cwm,,3.6,
7czs,,3.6,
7nd4,,3.6,
7nd7,,3.6,
7rdz,,3.6,
7kro,,3.6,
7e3l,,3.6,
7vx7,,3.6,
7dx4,,3.6,
7l56,,3.6,
7e5s,,3.6,
7vnd,,3.6,
7sof,,3.6,
7e5r,,3.6,
7eb0,,3.6,
7vxf,,3.6,
7ej4,,3.6,
7ntc,,3.6,
7dzy,,3.6,
7dx9,,3.6,
7eb3,,3.6,
7rxd,,3.6,
7edh,,3.6,
7f62,,3.6,
7kmz,,3.62,
7kms,,3.64,
7m4r,,3.65,
7lyk,,3.65,
6xcn,,3.66,
7ljr,,3.66,
7ey4,,3.69,
7fdk,,3.69,
7fdg,,3.69,
6nq0,,3.7,
7bw4,,3.7,
5x5b,,3.7,
6wpt,,3.7,
6xs6,,3.7,
6zdh,,3.7,
6zhd,,3.7,
7a5r,,3.7,
7k45,,3.7,
7kj3,,3.7,
7nd3,,3.7,
7e39,,3.7,
7m6g,,3.7,
7n01,,3.7,
7sbq,,3.7,
7mzl,0.2562,3.7,0.2215
7cwt,,3.7,
7vnc,,3.7,
7mlz,,3.71,
7n9c,,3.71,
7lss,,3.72,
7fdh,,3.72,
7lyl,,3.72,
7me7,,3.73,
7knh,,3.74,
7msw,,3.76,
7eya,,3.77,
7b14,,3.79,
5xlr,,3.8,
6cs0,,3.8,
6zer,0.2511,3.8,0.2119
6zgg,,3.8,
7k8u,,3.8,
7k8v,,3.8,
7cwl,,3.8,
7d0d,,3.8,
7df4,,3.8,
7dk4,,3.8,
7kml,,3.8,
7sbs,,3.8,
7n9b,,3.8,
7vx5,,3.8,
7akj,,3.8,
7c33,0.2682,3.83,0.2349
7cxn,,3.84,
7byr,,3.84,
7kec,,3.84,
7kne,,3.85,
7v26,,3.85,
7l1f,,3.89,
7lrs,,3.89,
6acd,,3.9,
6crw,,3.9,
6crx,,3.9,
6xdg,,3.9,
7a5s,,3.9,
7a94,,3.9,
7cah,,3.9,
7k8x,,3.9,
6m3w,,3.9,
7cwo,,3.9,
7d0b,,3.9,
7n0b,,3.9,
7d4g,,3.9,
7f63,,3.9,
7m6f,,3.9,
7vxa,,3.9,
7l2f,,3.9,
7fg3,,3.9,
7v80,,3.9,
7cyh,,3.9,
7vx4,,3.9,
7e3k,,3.9,
7kni,,3.91,
7knb,,3.93,
6vsj,,3.94,
7r7n,,3.95,
7l4z,0.2816,3.96,0.2566
6xf6,,4.0,
7ct5,,4.0,
7vx9,,4.0,
7m6i,,4.0,
7akd,,4.0,
7n62,,4.0,
7vxd,,4.0,
7m6h,,4.0,
7n1x,,4.0,
7p79,,4.0,
7eh5,,4.0,
7b17,,4.01,
7lyp,,4.05,
7kl9,,4.1,
7ndc,,4.1,
7opl,,4.12,
6acj,,4.2,
6n4r,,4.2,
6nb6,,4.2,
7a92,,4.2,
7bno,,4.2,
7kmk,,4.2,
7ndd,,4.2,
7e3c,,4.2,
7e3b,,4.2,
7n64,,4.2,
5wrg,,4.3,
7a95,,4.3,
7jw0,,4.3,
7dcc,,4.3,
7dk6,,4.3,
7n1y,,4.3,
7sbo,,4.3,
7phg,,4.3,
7sbr,,4.3,
6ym0,0.3188,4.36,0.3228
6cs2,,4.4,
6zfo,,4.4,
7a97,,4.4,
7k8y,,4.4,
7fg2,,4.4,
7sbt,,4.4,
7lqw,,4.47,
6ack,,4.5,
6m1d,,4.5,
6nb7,,4.5,
7jjj,,4.5,
6cs1,,4.6,
7ndb,,4.6,
6zdg,,4.7,
7cn9,,4.7,
7ks9,,4.75,
7p7a,,4.76,
7a96,,4.8,
7s0e,,4.9,
7kxk,,5.0,
7l58,,5.07,
6acg,,5.4,
7a98,,5.4,
7oyg,,5.5,
7dd2,,5.6,
7l57,,5.87,
7a93,,5.9,
7dcx,,5.9,
7dk3,,6.0,
7ddn,,6.3,
7kxj,,6.4,
6zgh,,6.8,
6xrz,,6.9,
7fg7,,6.9,
7nd6,,7.3,
7dd8,,7.5,
7dwx,,8.3,
7dk7,,9.7,
7e9t,,10.9,
7dk5,,13.5,
7ral,,?,
7m8k,,?,
7eiz,,?,
