#chain,residue,score,z_local,z_global
A,ALA_4,0.87,-3.27,-1.54
A,GLN_5,0.91,-1.11,0.09
A,SER_6,0.95,1.32,1.87
A,PHE_7,0.94,0.97,1.48
A,LEU_8,0.92,-0.22,0.48
A,ASN_9,0.94,1.21,1.32
A,ARG_10,0.95,1.32,1.70
A,VAL_11,0.87,-2.00,-1.35
A,CYS_12,0.85,-3.83,-2.50
A,GLY_13,0.93,0.53,0.92
A,VAL_14,0.91,-0.19,0.10
A,SER_15,0.92,1.06,0.57
A,ALA_16,0.91,0.02,0.23
A,ALA_17,0.90,-0.53,-0.25
A,ARG_18,0.91,-0.55,0.16
A,LEU_19,0.91,-0.15,0.21
A,THR_20,0.92,0.20,0.67
A,PRO_21,0.94,1.61,1.53
A,CYS_22,0.94,0.93,1.42
A,GLY_23,0.91,-1.08,0.12
A,THR_24,0.88,-3.21,-0.99
A,GLY_25,0.92,-0.29,0.37
A,THR_26,0.94,1.42,1.55
A,SER_27,0.93,-0.69,0.86
A,THR_28,0.95,1.00,1.71
A,ASP_29,0.93,0.00,1.02
A,VAL_30,0.94,0.92,1.55
A,VAL_31,0.95,0.76,1.61
A,TYR_32,0.92,0.36,0.74
A,ARG_33,0.92,0.79,0.34
A,ALA_34,0.84,-0.79,-2.69
A,PHE_35,0.84,-2.07,-2.93
A,ASP_36,0.86,-0.54,-1.75
A,ILE_37,0.86,-0.42,-1.81
A,TYR_38,0.89,0.03,-0.83
A,ASN_39,0.92,5.29,0.72
A,ASP_40,0.89,-0.67,-0.64
A,LYS_41,0.92,-0.66,0.47
A,VAL_42,0.88,-0.22,-0.93
A,ALA_43,0.88,-0.30,-1.12
A,GLY_44,0.89,0.00,-0.86
A,PHE_45,0.85,-1.00,-2.51
A,ALA_46,0.82,-2.07,-3.48
A,LYS_47,0.92,1.00,0.45
A,PHE_48,0.89,-1.00,-0.87
A,LEU_49,0.91,-0.23,0.11
A,LYS_50,0.92,-0.40,0.41
A,THR_51,0.96,2.08,2.22
A,ASN_52,0.95,1.35,1.76
A,CYS_53,0.94,0.64,1.42
A,CYS_54,0.91,-1.43,0.02
A,ARG_55,0.89,-1.42,-0.56
A,PHE_56,0.89,-0.78,-0.61
A,GLN_57,0.93,1.00,1.08
A,GLU_58,0.87,-1.99,-1.45
A,LYS_59,0.95,1.93,1.72
A,ASP_60,0.95,1.23,1.61
A,GLU_61,0.95,1.00,1.67
A,ASP_62,0.93,-10.79,0.81
A,ASP_63,0.92,-0.54,0.54
A,ASN_64,0.94,0.00,1.54
A,LEU_65,0.95,1.10,1.67
A,ILE_66,0.93,-0.05,1.03
A,ASP_67,0.91,-0.82,0.16
A,SER_68,0.94,1.09,1.21
A,TYR_69,0.89,-1.00,-0.79
A,PHE_70,0.87,-1.39,-1.51
A,VAL_71,0.85,-2.87,-2.52
A,VAL_72,0.90,-0.53,-0.44
A,LYS_73,0.94,0.25,1.29
A,ARG_74,0.93,-0.04,1.14
A,HIS_75,0.94,-0.69,1.20
A,THR_76,0.95,1.64,1.70
A,PHE_77,0.92,-1.28,0.69
A,SER_78,0.94,0.96,1.48
A,ASN_79,0.91,-0.89,0.07
A,TYR_80,0.94,0.38,1.16
A,GLN_81,0.94,0.82,1.35
A,HIS_82,0.90,-0.65,-0.12
A,GLU_83,0.89,-1.86,-0.87
A,GLU_84,0.91,0.10,0.32
A,THR_85,0.95,1.44,1.65
A,ILE_86,0.84,-3.12,-2.87
A,TYR_87,0.89,-0.40,-0.75
A,ASN_88,0.97,4.50,2.42
A,LEU_89,0.92,0.88,0.55
A,LEU_90,0.81,-4.23,-3.96
A,LYS_91,0.90,0.11,-0.28
A,ASP_92,0.90,-0.13,-0.38
A,CYS_93,0.90,0.27,-0.11
A,PRO_94,0.92,1.98,0.65
A,ALA_95,0.82,-2.61,-3.41
A,VAL_96,0.89,0.20,-0.78
A,ALA_97,0.85,-1.23,-2.25
A,LYS_98,0.89,0.28,-0.50
A,HIS_99,0.91,1.14,0.32
A,ASP_100,0.89,-0.84,-0.61
A,PHE_101,0.89,-1.00,-0.50
A,PHE_102,0.92,-0.02,0.64
A,LYS_103,0.93,0.62,0.96
A,PHE_104,0.94,1.00,1.53
A,ARG_105,0.92,-0.51,0.46
A,ILE_106,0.92,-1.00,0.38
A,ASP_107,0.90,-1.01,-0.33
A,GLY_108,0.94,1.32,1.47
A,ASP_109,0.90,-1.19,-0.31
A,MET_110,0.92,-0.22,0.66
A,VAL_111,0.94,0.98,1.52
A,PRO_112,0.95,1.28,1.60
A,HIS_113,0.95,1.27,1.65
A,ILE_114,0.91,-0.12,0.22
A,SER_115,0.92,0.79,0.51
A,ARG_116,0.86,-1.90,-2.05
A,GLN_117,0.91,0.87,0.12
A,ARG_118,0.91,0.86,0.29
A,LEU_119,0.89,0.02,-0.85
A,THR_120,0.89,0.00,-0.52
A,LYS_121,0.93,1.88,1.00
A,TYR_122,0.84,-1.18,-2.92
A,THR_123,0.90,1.43,-0.18
A,MET_124,0.81,-1.79,-3.98
A,ALA_125,0.85,-0.21,-2.44
A,ASP_126,0.87,0.49,-1.46
A,LEU_127,0.87,0.55,-1.40
A,VAL_128,0.87,0.39,-1.65
A,TYR_129,0.90,1.23,-0.41
A,ALA_130,0.86,-0.82,-1.80
A,LEU_131,0.84,-1.88,-2.66
A,ARG_132,0.88,0.39,-1.00
A,HIS_133,0.92,1.74,0.70
A,PHE_134,0.90,0.04,-0.37
A,ASP_135,0.91,0.05,-0.02
A,GLU_136,0.91,-0.65,0.10
A,GLY_137,0.96,1.90,2.07
A,ASN_138,0.95,2.02,1.88
A,CYS_139,0.92,1.00,0.70
A,ASP_140,0.94,1.89,1.29
A,THR_141,0.89,0.30,-0.77
A,LEU_142,0.85,-1.78,-2.34
A,LYS_143,0.90,-0.04,-0.48
A,GLU_144,0.90,0.10,-0.36
A,ILE_145,0.89,-0.12,-0.87
A,LEU_146,0.82,-3.85,-3.37
A,VAL_147,0.88,-1.00,-1.12
A,THR_148,0.93,1.55,0.82
A,TYR_149,0.91,0.06,0.02
A,ASN_150,0.93,1.26,1.10
A,CYS_151,0.88,-1.33,-1.26
A,CYS_152,0.90,-0.38,-0.40
A,ASP_153,0.91,-0.41,-0.05
A,ASP_154,0.94,1.95,1.47
A,ASP_155,0.92,0.00,0.39
A,TYR_156,0.93,1.10,0.85
A,PHE_157,0.93,0.39,0.75
A,ASN_158,0.95,2.24,1.57
A,LYS_159,0.90,-5.35,-0.11
A,LYS_160,0.92,-0.66,0.65
A,ASP_161,0.93,1.00,0.79
A,TRP_162,0.89,-1.96,-0.60
A,TYR_163,0.93,1.24,0.92
A,ASP_164,0.89,-1.00,-0.64
A,PHE_165,0.88,-1.54,-1.03
A,VAL_166,0.92,0.22,0.51
A,GLU_167,0.89,-1.26,-0.82
A,ASN_168,0.91,0.09,0.28
A,PRO_169,0.94,1.26,1.22
A,ASP_170,0.91,0.82,0.24
A,ILE_171,0.86,-2.33,-1.73
A,LEU_172,0.91,0.14,0.20
A,ARG_173,0.91,0.24,0.05
A,VAL_174,0.88,-0.87,-0.96
A,TYR_175,0.85,-1.56,-2.46
A,ALA_176,0.94,1.54,1.21
A,ASN_177,0.94,1.79,1.56
A,LEU_178,0.91,0.76,0.27
A,GLY_179,0.92,1.54,0.74
A,GLU_180,0.90,-0.27,-0.11
A,ARG_181,0.91,0.45,0.16
A,VAL_182,0.88,-0.39,-1.22
A,ARG_183,0.89,0.15,-0.53
A,GLN_184,0.90,0.76,-0.45
A,ALA_185,0.87,0.00,-1.51
A,LEU_186,0.86,-1.06,-1.99
A,LEU_187,0.86,-0.47,-1.94
A,LYS_188,0.87,0.00,-1.51
A,THR_189,0.84,-1.05,-2.56
A,VAL_190,0.89,0.54,-0.81
A,GLN_191,0.90,0.94,-0.22
A,PHE_192,0.83,-2.09,-3.30
A,CYS_193,0.86,-1.27,-1.81
A,ASP_194,0.91,-0.11,0.04
A,ALA_195,0.92,0.97,0.59
A,MET_196,0.88,-2.37,-1.08
A,ARG_197,0.93,0.00,0.97
A,ASN_198,0.94,0.95,1.56
A,ALA_199,0.94,0.83,1.28
A,GLY_200,0.94,1.00,1.28
A,ILE_201,0.89,-2.20,-0.83
A,VAL_202,0.90,-0.88,-0.24
A,GLY_203,0.94,1.51,1.20
A,VAL_204,0.93,1.72,0.79
A,LEU_205,0.88,0.00,-0.98
A,THR_206,0.90,1.27,-0.09
A,LEU_207,0.80,-2.51,-4.23
A,ASP_208,0.82,-1.53,-3.51
A,ASN_209,0.91,1.60,0.04
A,GLN_210,0.80,-2.64,-4.30
A,ASP_211,0.81,-1.82,-4.08
A,LEU_212,0.81,-2.30,-3.90
A,ASN_213,0.94,2.08,1.34
A,GLY_214,0.85,-0.87,-2.37
A,ASN_215,0.88,0.37,-1.10
A,TRP_216,0.83,-1.59,-3.19
A,TYR_217,0.89,0.15,-0.89
A,ASP_218,0.87,-0.73,-1.49
A,PHE_219,0.88,-1.32,-1.06
A,GLY_220,0.91,0.47,0.31
A,ASP_221,0.91,-0.08,-0.00
A,PHE_222,0.92,1.20,0.65
A,ILE_223,0.91,0.38,0.29
A,GLN_224,0.93,0.25,0.77
A,THR_225,0.90,-2.40,-0.33
A,THR_226,0.92,-2.14,0.50
A,PRO_227,0.93,0.00,1.14
A,GLY_228,0.96,2.41,2.17
A,SER_229,0.94,1.00,1.57
A,GLY_230,0.95,1.26,1.64
A,VAL_231,0.94,0.99,1.27
A,PRO_232,0.91,0.51,0.07
A,VAL_233,0.90,0.12,-0.38
A,VAL_234,0.85,-1.20,-2.15
A,ASP_235,0.89,0.21,-0.54
A,SER_236,0.88,-0.01,-1.05
A,TYR_237,0.86,-0.45,-1.87
A,TYR_238,0.89,0.70,-0.89
A,SER_239,0.88,0.95,-1.04
A,LEU_240,0.83,-1.26,-3.03
A,LEU_241,0.89,1.00,-0.84
A,MET_242,0.81,-0.87,-4.06
A,PRO_243,0.83,-0.73,-3.15
A,ILE_244,0.89,0.95,-0.70
A,LEU_245,0.89,0.44,-0.65
A,THR_246,0.88,-0.06,-1.02
A,LEU_247,0.80,-2.64,-4.35
A,THR_248,0.87,-1.35,-1.70
A,ARG_249,0.89,-0.64,-0.84
A,ALA_250,0.91,1.00,0.27
A,LEU_251,0.85,-1.93,-2.38
A,THR_252,0.92,0.07,0.39
A,ALA_253,0.96,2.66,2.36
A,GLU_254,0.90,-2.18,-0.23
A,SER_255,0.94,0.15,1.20
A,HIS_256,0.94,0.12,1.37
A,VAL_257,0.97,1.83,2.40
A,ASP_258,0.93,-0.36,1.09
A,THR_259,0.92,-0.70,0.72
A,ASP_260,0.94,0.00,1.33
A,LEU_261,0.94,0.00,1.31
A,THR_262,0.97,1.81,2.54
A,LYS_263,0.96,1.15,2.04
A,PRO_264,0.96,2.07,2.00
A,TYR_265,0.91,-1.93,0.13
A,ILE_266,0.93,-0.28,0.98
A,LYS_267,0.94,0.30,1.30
A,TRP_268,0.92,0.00,0.68
A,ASP_269,0.93,1.03,1.09
A,LEU_270,0.90,-2.04,-0.36
A,LEU_271,0.92,0.35,0.53
A,LYS_272,0.93,0.56,0.79
A,TYR_273,0.85,-1.58,-2.15
A,ASP_274,0.89,-0.98,-0.85
A,PHE_275,0.87,-0.51,-1.36
A,THR_276,0.85,-1.08,-2.37
A,GLU_277,0.91,0.91,-0.04
A,GLU_278,0.93,1.65,0.81
A,ARG_279,0.79,-2.75,-4.92
A,LEU_280,0.85,-0.50,-2.19
A,LYS_281,0.92,1.29,0.43
A,LEU_282,0.84,-1.06,-2.72
A,PHE_283,0.80,-1.77,-4.25
A,ASP_284,0.87,-0.11,-1.66
A,ARG_285,0.93,2.41,0.79
A,TYR_286,0.88,0.39,-1.12
A,PHE_287,0.83,-2.60,-3.22
A,LYS_288,0.92,1.59,0.39
A,TYR_289,0.91,1.16,0.24
A,TRP_290,0.88,-0.32,-1.27
A,ASP_291,0.88,-0.69,-0.98
A,GLN_292,0.91,0.98,0.22
A,THR_293,0.94,2.22,1.50
A,TYR_294,0.86,0.15,-1.76
A,HIS_295,0.84,-0.52,-2.64
A,PRO_296,0.91,1.75,-0.03
A,ASN_297,0.93,3.05,0.95
A,CYS_298,0.81,-2.06,-4.04
A,VAL_299,0.88,-0.34,-0.97
A,ASN_300,0.93,1.37,0.90
A,CYS_301,0.88,-0.03,-1.01
A,LEU_302,0.90,0.33,-0.32
A,ASP_303,0.89,-0.03,-0.75
A,ASP_304,0.84,-1.29,-2.64
A,ARG_305,0.89,1.51,-0.52
A,CYS_306,0.91,1.48,0.02
A,ILE_307,0.83,-0.68,-3.20
A,LEU_308,0.75,-4.47,-6.32
A,HIS_309,0.85,0.20,-2.35
A,CYS_310,0.86,0.34,-1.78
A,ALA_311,0.73,-4.18,-7.22
A,ASN_312,0.73,-3.64,-7.24
A,PHE_313,0.83,-0.18,-3.25
A,ASN_314,0.86,0.25,-1.94
A,VAL_315,0.76,-3.46,-6.15
A,LEU_316,0.85,-0.25,-2.28
A,PHE_317,0.88,0.77,-1.09
A,SER_318,0.87,0.00,-1.31
A,THR_319,0.93,1.45,1.13
A,VAL_320,0.93,0.32,0.86
A,PHE_321,0.87,-2.34,-1.34
A,PRO_322,0.94,1.54,1.53
A,PRO_323,0.96,2.43,2.03
A,THR_324,0.91,-0.16,0.14
A,SER_325,0.92,0.57,0.39
A,PHE_326,0.93,1.41,0.76
A,GLY_327,0.94,1.92,1.19
A,PRO_328,0.89,-0.10,-0.50
A,LEU_329,0.85,-1.77,-2.29
A,VAL_330,0.93,0.96,0.77
A,ARG_331,0.90,-0.95,-0.25
A,LYS_332,0.93,0.12,0.93
A,ILE_333,0.92,-0.42,0.73
A,PHE_334,0.95,1.21,1.60
A,VAL_335,0.94,1.00,1.49
A,ASP_336,0.90,-1.90,-0.11
A,GLY_337,0.95,1.39,1.73
A,VAL_338,0.94,0.00,1.27
A,PRO_339,0.94,0.89,1.52
A,PHE_340,0.94,1.03,1.55
A,VAL_341,0.91,-1.02,-0.07
A,VAL_342,0.90,-1.00,-0.41
A,SER_343,0.90,-0.56,-0.47
A,THR_344,0.94,3.07,1.40
A,GLY_345,0.89,-0.11,-0.56
A,TYR_346,0.87,-1.38,-1.57
A,HIS_347,0.90,0.41,-0.40
A,PHE_348,0.88,-0.33,-1.10
A,ARG_349,0.89,0.26,-0.77
A,GLU_350,0.85,-0.52,-2.31
A,LEU_351,0.84,-0.64,-2.65
A,GLY_352,0.91,1.58,0.14
A,VAL_353,0.87,-0.36,-1.48
A,VAL_354,0.83,-3.94,-3.08
A,HIS_355,0.89,0.00,-0.50
A,ASN_356,0.87,-1.20,-1.34
A,GLN_357,0.91,0.36,0.21
A,ASP_358,0.91,-0.43,0.02
A,VAL_359,0.92,0.59,0.47
A,ASN_360,0.92,-0.34,0.54
A,LEU_361,0.94,2.01,1.18
A,HIS_362,0.92,-0.58,0.61
A,SER_363,0.93,0.49,0.96
A,SER_364,0.92,-0.76,0.66
A,ARG_365,0.90,-1.23,-0.28
A,LEU_366,0.90,-1.16,-0.24
A,SER_367,0.93,1.19,1.03
A,PHE_368,0.88,-2.16,-1.20
A,LYS_369,0.93,0.69,0.98
A,GLU_370,0.93,1.32,0.82
A,LEU_371,0.89,-0.39,-0.64
A,LEU_372,0.85,-3.11,-2.48
A,VAL_373,0.92,1.01,0.44
A,TYR_374,0.93,1.54,0.77
A,ALA_375,0.89,-2.23,-0.70
A,ALA_376,0.84,-3.33,-2.58
A,ASP_377,0.91,0.43,0.01
A,PRO_378,0.90,0.03,-0.42
A,ALA_379,0.95,3.23,1.96
A,MET_380,0.91,0.00,0.33
A,HIS_381,0.93,0.29,0.89
A,ALA_382,0.87,-2.31,-1.41
A,ALA_383,0.95,1.52,1.85
A,SER_384,0.96,2.03,2.04
A,GLY_385,0.93,0.00,0.78
A,ASN_386,0.92,-0.90,0.39
A,LEU_387,0.88,-2.51,-1.07
A,LEU_388,0.91,-0.17,0.11
A,LEU_389,0.86,-1.90,-1.76
A,ASP_390,0.88,-0.99,-1.12
A,LYS_391,0.89,0.00,-0.72
A,ARG_392,0.88,-0.31,-1.03
A,THR_393,0.91,0.87,0.31
A,THR_394,0.96,2.18,1.99
A,CYS_395,0.84,-2.58,-2.56
A,PHE_396,0.91,-0.06,-0.00
A,SER_397,0.92,1.23,0.53
A,VAL_398,0.85,-1.80,-2.21
A,ALA_399,0.93,0.70,1.02
A,ALA_400,0.93,0.49,0.95
A,LEU_401,0.94,0.48,1.16
A,THR_402,0.94,0.81,1.45
A,ASN_403,0.96,1.97,2.28
A,ASN_404,0.93,-0.17,1.04
A,VAL_405,0.95,1.09,1.81
A,ALA_406,0.96,1.39,2.11
A,PHE_407,0.94,0.97,1.16
A,GLN_408,0.89,-1.34,-0.81
A,THR_409,0.93,0.94,1.04
A,VAL_410,0.94,1.17,1.21
A,LYS_411,0.94,1.71,1.21
A,PRO_412,0.91,0.60,0.10
A,GLY_413,0.89,-0.45,-0.62
A,ASN_414,0.91,-0.06,0.05
A,PHE_415,0.86,-2.30,-1.86
A,ASN_416,0.93,1.07,1.09
A,LYS_417,0.94,1.34,1.50
A,ASP_418,0.88,-1.16,-1.26
A,PHE_419,0.89,-0.92,-0.85
A,TYR_420,0.93,0.33,0.77
A,ASP_421,0.91,-0.76,0.22
A,PHE_422,0.92,-0.47,0.42
A,ALA_423,0.95,1.40,1.60
A,VAL_424,0.96,2.15,2.31
A,SER_425,0.95,1.87,1.94
A,LYS_426,0.93,0.00,0.82
A,GLY_427,0.95,0.97,1.57
A,PHE_428,0.92,-0.27,0.58
A,PHE_429,0.93,-0.05,0.89
A,LYS_430,0.96,1.93,2.16
A,GLU_431,0.91,-1.36,0.24
A,GLY_432,0.93,-0.03,0.90
A,SER_433,0.93,0.07,0.94
A,SER_434,0.96,2.20,2.20
A,VAL_435,0.95,1.66,1.57
A,GLU_436,0.90,-0.55,-0.21
A,LEU_437,0.87,-1.00,-1.68
A,LYS_438,0.89,0.61,-0.58
A,HIS_439,0.86,-1.96,-1.81
A,PHE_440,0.85,-2.88,-2.20
A,PHE_441,0.89,-0.05,-0.68
A,PHE_442,0.88,-0.58,-0.98
A,ALA_443,0.87,-1.46,-1.45
A,GLN_444,0.90,-0.67,-0.49
A,ASP_445,0.85,-3.31,-2.39
A,GLY_446,0.91,-0.22,0.22
A,ASN_447,0.94,2.83,1.53
A,ALA_448,0.89,-0.70,-0.56
A,ALA_449,0.92,0.74,0.62
A,ILE_450,0.89,-0.75,-0.71
A,SER_451,0.93,1.29,1.02
A,ASP_452,0.90,-0.54,-0.36
A,TYR_453,0.88,-1.13,-0.99
A,ASP_454,0.88,-1.64,-1.13
A,TYR_455,0.93,0.80,0.79
A,TYR_456,0.91,-0.89,0.01
A,ARG_457,0.94,1.85,1.22
A,TYR_458,0.92,-0.02,0.46
A,ASN_459,0.92,0.12,0.47
A,LEU_460,0.93,0.92,1.11
A,PRO_461,0.94,1.72,1.50
A,THR_462,0.90,1.32,-0.15
A,MET_463,0.82,-0.99,-3.77
A,CYS_464,0.72,-3.56,-7.76
A,ASP_465,0.80,-1.28,-4.39
A,ILE_466,0.81,-0.96,-4.15
A,ARG_467,0.89,1.37,-0.55
A,GLN_468,0.83,-0.91,-3.33
A,LEU_469,0.82,-0.79,-3.45
A,LEU_470,0.85,0.25,-2.25
A,PHE_471,0.86,0.04,-2.11
A,VAL_472,0.81,-1.43,-3.97
A,VAL_473,0.84,-0.74,-2.57
A,GLU_474,0.88,-0.23,-1.27
A,VAL_475,0.84,-1.35,-2.59
A,VAL_476,0.82,-2.36,-3.67
A,ASP_477,0.90,0.53,-0.31
A,LYS_478,0.93,1.11,0.85
A,TYR_479,0.89,0.03,-0.72
A,PHE_480,0.89,-0.29,-0.77
A,ASP_481,0.93,1.45,0.98
A,CYS_482,0.92,0.00,0.65
A,TYR_483,0.87,-4.99,-1.67
A,ASP_484,0.89,-3.32,-0.72
A,GLY_485,0.94,1.74,1.18
A,GLY_486,0.92,0.43,0.69
A,CYS_487,0.94,1.62,1.16
A,ILE_488,0.92,-0.41,0.54
A,ASN_489,0.93,-0.30,0.90
A,ALA_490,0.95,2.42,1.91
A,ASN_491,0.95,1.43,1.90
A,GLN_492,0.96,3.69,2.26
A,VAL_493,0.92,0.12,0.65
A,ILE_494,0.96,1.58,2.24
A,VAL_495,0.93,0.13,0.75
A,ASN_496,0.92,-1.00,0.48
A,ASN_497,0.95,3.32,1.83
A,LEU_498,0.94,0.24,1.18
A,ASP_499,0.92,-1.42,0.72
A,LYS_500,0.95,0.08,1.66
A,SER_501,0.95,1.57,1.92
A,ALA_502,0.95,0.96,1.62
A,GLY_503,0.96,1.77,2.33
A,PHE_504,0.92,0.30,0.67
A,PRO_505,0.95,1.05,1.70
A,PHE_506,0.93,-0.57,0.95
A,ASN_507,0.95,0.09,1.64
A,LYS_508,0.95,0.00,1.64
A,TRP_509,0.95,-0.08,1.58
A,GLY_510,0.96,1.64,2.25
A,LYS_511,0.93,-0.82,1.04
A,ALA_512,0.93,-0.78,0.98
A,ARG_513,0.93,-0.82,0.82
A,LEU_514,0.96,2.04,2.02
A,TYR_515,0.94,0.36,1.22
A,TYR_516,0.92,-1.42,0.44
A,ASP_517,0.88,-4.23,-1.28
A,SER_518,0.95,1.00,1.76
A,MET_519,0.94,0.99,1.56
A,SER_520,0.90,-2.25,-0.19
A,TYR_521,0.94,0.13,1.19
A,GLU_522,0.92,-1.00,0.47
A,ASP_523,0.92,-0.66,0.68
A,GLN_524,0.94,0.31,1.16
A,ASP_525,0.93,0.36,1.06
A,ALA_526,0.95,1.96,1.96
A,LEU_527,0.89,-2.65,-0.58
A,PHE_528,0.90,-1.49,-0.33
A,ALA_529,0.94,1.62,1.57
A,TYR_530,0.93,1.03,0.78
A,THR_531,0.87,-1.63,-1.51
A,LYS_532,0.90,0.06,-0.24
A,ARG_533,0.91,1.12,0.25
A,ASN_534,0.89,-0.17,-0.51
A,VAL_535,0.90,0.25,-0.37
A,ILE_536,0.86,-1.80,-1.81
A,PRO_537,0.91,0.64,0.19
A,THR_538,0.89,-0.37,-0.54
A,ILE_539,0.81,-4.10,-4.14
A,THR_540,0.86,-2.04,-2.07
A,GLN_541,0.92,0.01,0.36
A,MET_542,0.93,1.13,0.89
A,ASN_543,0.94,1.57,1.18
A,LEU_544,0.91,-1.00,0.13
A,LYS_545,0.94,0.42,1.18
A,TYR_546,0.94,1.17,1.40
A,ALA_547,0.94,2.42,1.28
A,ILE_548,0.88,-0.72,-1.06
A,SER_549,0.88,-0.56,-1.10
A,ALA_550,0.89,0.65,-0.72
A,LYS_551,0.94,3.35,1.55
A,ASN_552,0.92,1.49,0.37
A,ARG_553,0.91,0.86,0.04
A,ALA_554,0.94,1.25,1.44
A,ARG_555,0.87,-2.20,-1.39
A,THR_556,0.92,0.39,0.72
A,VAL_557,0.92,-0.19,0.38
A,ALA_558,0.92,0.05,0.43
A,GLY_559,0.91,-0.70,0.26
A,VAL_560,0.91,-0.30,0.18
A,SER_561,0.94,1.02,1.41
A,ILE_562,0.88,-2.31,-1.21
A,CYS_563,0.92,0.71,0.69
A,SER_564,0.92,0.71,0.56
A,THR_565,0.90,-2.08,-0.47
A,MET_566,0.90,-1.55,-0.26
A,THR_567,0.92,1.04,0.62
A,ASN_568,0.91,0.30,0.20
A,ARG_569,0.91,-1.41,0.03
A,GLN_570,0.89,-2.33,-0.54
A,PHE_571,0.92,0.18,0.50
A,HIS_572,0.89,-3.55,-0.63
A,GLN_573,0.92,-0.55,0.41
A,LYS_574,0.92,0.46,0.73
A,LEU_575,0.91,-0.52,0.25
A,LEU_576,0.91,-0.67,0.18
A,LYS_577,0.93,0.21,0.89
A,SER_578,0.97,3.83,2.44
A,ILE_579,0.92,-0.10,0.59
A,ALA_580,0.92,0.06,0.71
A,ALA_581,0.96,1.30,2.16
A,THR_582,0.97,1.85,2.63
A,ARG_583,0.95,0.69,1.79
A,GLY_584,0.96,1.33,2.20
A,ALA_585,0.96,1.92,2.27
A,THR_586,0.91,0.44,0.07
A,VAL_587,0.89,-0.24,-0.67
A,VAL_588,0.91,-0.08,-0.06
A,ILE_589,0.94,0.79,1.27
A,GLY_590,0.95,1.79,1.84
A,THR_591,0.92,0.00,0.54
A,SER_592,0.91,-0.40,0.05
A,LYS_593,0.92,0.39,0.51
A,PHE_594,0.86,-2.16,-1.83
A,TYR_595,0.92,0.35,0.52
A,GLY_596,0.94,1.14,1.24
A,GLY_597,0.91,0.03,0.10
A,TRP_598,0.86,-1.15,-1.98
A,HIS_599,0.91,0.63,0.15
A,ASN_600,0.93,0.93,1.13
A,MET_601,0.87,-1.56,-1.53
A,LEU_602,0.81,-3.05,-3.95
A,LYS_603,0.86,-1.77,-1.88
A,THR_604,0.93,0.99,1.10
A,VAL_605,0.90,1.00,-0.28
A,TYR_606,0.89,0.84,-0.49
A,SER_607,0.90,1.16,-0.29
A,ASP_608,0.90,0.39,-0.41
A,VAL_609,0.89,0.34,-0.53
A,GLU_610,0.82,-4.39,-3.75
A,ASN_611,0.92,0.90,0.63
A,PRO_612,0.91,0.57,-0.03
A,HIS_613,0.91,0.46,0.15
A,LEU_614,0.85,-1.38,-2.16
A,MET_615,0.80,-3.01,-4.28
A,GLY_616,0.90,0.59,-0.17
A,TRP_617,0.89,-0.35,-0.82
A,ASP_618,0.90,0.00,-0.28
A,TYR_619,0.88,-0.09,-1.09
A,PRO_620,0.96,2.49,1.99
A,LYS_621,0.92,0.02,0.34
A,CYS_622,0.88,-0.55,-1.12
A,ASP_623,0.93,0.63,0.99
A,ARG_624,0.92,0.00,0.73
A,ALA_625,0.91,-0.02,0.33
A,MET_626,0.83,-2.71,-3.08
A,PRO_627,0.86,-0.98,-1.79
A,ASN_628,0.91,0.46,0.01
A,MET_629,0.86,0.45,-1.95
A,LEU_630,0.83,-1.07,-3.26
A,ARG_631,0.90,0.48,-0.42
A,ILE_632,0.88,0.49,-1.28
A,MET_633,0.84,-0.90,-2.63
A,ALA_634,0.83,-1.67,-3.04
A,SER_635,0.88,0.07,-0.90
A,LEU_636,0.93,1.40,0.83
A,VAL_637,0.90,0.39,-0.47
A,LEU_638,0.85,-3.03,-2.54
A,ALA_639,0.88,-0.46,-1.00
A,ARG_640,0.93,1.20,0.90
A,LYS_641,0.92,0.00,0.39
A,HIS_642,0.90,-1.51,-0.34
A,THR_643,0.94,2.31,1.31
A,THR_644,0.93,1.00,0.93
A,CYS_645,0.90,-2.28,-0.37
A,CYS_646,0.93,0.87,0.89
A,SER_647,0.92,0.00,0.49
A,LEU_648,0.92,1.24,0.53
A,SER_649,0.93,1.95,0.94
A,HIS_650,0.91,0.33,0.00
A,ARG_651,0.88,-0.89,-0.92
A,PHE_652,0.89,0.05,-0.69
A,TYR_653,0.90,0.62,-0.41
A,ARG_654,0.88,-1.10,-1.05
A,LEU_655,0.86,-2.29,-1.85
A,ALA_656,0.90,1.29,-0.21
A,ASN_657,0.88,-0.61,-1.02
A,GLU_658,0.85,-2.26,-2.29
A,CYS_659,0.89,0.02,-0.75
A,ALA_660,0.92,1.80,0.63
A,GLN_661,0.91,0.46,-0.00
A,VAL_662,0.85,-3.07,-2.35
A,LEU_663,0.89,-0.74,-0.76
A,SER_664,0.91,0.01,0.02
A,GLU_665,0.76,-5.02,-5.93
A,MET_666,0.84,-1.84,-2.56
A,VAL_667,0.80,-3.36,-4.45
A,MET_668,0.86,-1.96,-1.85
A,CYS_669,0.90,0.00,-0.14
A,GLY_670,0.89,-1.06,-0.50
A,GLY_671,0.92,-1.00,0.34
A,SER_672,0.92,0.07,0.42
A,LEU_673,0.88,-0.89,-1.13
A,TYR_674,0.88,0.03,-0.93
A,VAL_675,0.88,-0.02,-0.99
A,LYS_676,0.91,0.63,0.26
A,PRO_677,0.94,1.40,1.45
A,GLY_678,0.93,0.52,0.76
A,GLY_679,0.94,1.07,1.17
A,THR_680,0.94,1.65,1.50
A,SER_681,0.94,1.82,1.28
A,SER_682,0.94,2.18,1.49
A,GLY_683,0.92,0.44,0.68
A,ASP_684,0.93,0.99,1.01
A,ALA_685,0.93,2.01,1.02
A,THR_686,0.92,0.61,0.61
A,THR_687,0.91,0.00,0.31
A,ALA_688,0.86,-1.66,-2.00
A,TYR_689,0.89,0.02,-0.83
A,ALA_690,0.91,1.00,0.22
A,ASN_691,0.88,0.00,-1.25
A,SER_692,0.83,-1.78,-2.99
A,VAL_693,0.89,0.43,-0.88
A,PHE_694,0.87,-0.06,-1.35
A,ASN_695,0.85,-0.99,-2.48
A,ILE_696,0.88,0.07,-1.27
A,CYS_697,0.92,2.55,0.36
A,GLN_698,0.81,-0.99,-4.11
A,ALA_699,0.81,-1.25,-4.03
A,VAL_700,0.85,0.00,-2.26
A,THR_701,0.88,1.04,-1.31
A,ALA_702,0.80,-1.22,-4.22
A,ASN_703,0.83,-0.90,-3.18
A,VAL_704,0.90,1.04,-0.37
A,ASN_705,0.90,0.97,-0.15
A,ALA_706,0.87,-0.84,-1.36
A,LEU_707,0.79,-2.30,-4.84
A,LEU_708,0.89,0.22,-0.49
A,SER_709,0.92,0.90,0.54
A,THR_710,0.94,1.45,1.46
A,ASP_711,0.95,1.85,1.71
A,GLY_712,0.93,1.12,0.98
A,ASN_713,0.95,1.26,1.59
A,LYS_714,0.89,-1.61,-0.68
A,ILE_715,0.86,-3.74,-1.97
A,ALA_716,0.91,-0.88,-0.06
A,ASP_717,0.89,-0.56,-0.67
A,LYS_718,0.95,1.58,1.77
A,TYR_719,0.93,0.93,1.01
A,VAL_720,0.83,-1.87,-3.23
A,ARG_721,0.93,1.00,0.79
A,ASN_722,0.93,1.21,1.10
A,LEU_723,0.78,-2.38,-5.34
A,GLN_724,0.86,-0.95,-2.02
A,HIS_725,0.93,1.14,0.82
A,ARG_726,0.88,0.00,-1.21
A,LEU_727,0.75,-4.24,-6.36
A,TYR_728,0.87,-0.15,-1.52
A,GLU_729,0.92,1.56,0.61
A,CYS_730,0.85,-1.25,-2.43
A,LEU_731,0.80,-2.51,-4.47
A,TYR_732,0.85,-0.43,-2.19
A,ARG_733,0.91,0.91,0.15
A,ASN_734,0.91,0.73,0.33
A,ARG_735,0.92,1.46,0.68
A,ASP_736,0.92,1.20,0.66
A,VAL_737,0.91,0.37,0.08
A,ASP_738,0.90,-0.68,-0.43
A,THR_739,0.92,0.58,0.38
A,ASP_740,0.90,-0.32,-0.08
A,PHE_741,0.91,0.81,0.22
A,VAL_742,0.85,-1.09,-2.14
A,ASN_743,0.92,1.26,0.63
A,GLU_744,0.92,1.13,0.66
A,PHE_745,0.88,-0.16,-1.23
A,TYR_746,0.89,0.59,-0.69
A,ALA_747,0.93,1.54,0.86
A,TYR_748,0.89,0.64,-0.81
A,LEU_749,0.86,-0.33,-2.08
A,ARG_750,0.85,-1.95,-2.28
A,LYS_751,0.87,-0.06,-1.33
A,HIS_752,0.88,0.16,-1.01
A,PHE_753,0.86,-0.11,-1.91
A,SER_754,0.83,-1.28,-3.16
A,MET_755,0.87,0.08,-1.66
A,MET_756,0.81,-1.60,-3.86
A,ILE_757,0.82,-1.80,-3.45
A,LEU_758,0.81,-2.39,-3.88
A,SER_759,0.88,-0.01,-1.28
A,ASP_760,0.90,0.90,-0.46
A,ASP_761,0.81,-2.62,-4.08
A,ALA_762,0.90,1.06,-0.15
A,VAL_763,0.84,-0.41,-2.58
A,VAL_764,0.82,-1.27,-3.70
A,CYS_765,0.79,-3.12,-4.61
A,PHE_766,0.83,-1.07,-3.17
A,ASN_767,0.85,-1.09,-2.35
A,SER_768,0.89,-0.13,-0.64
A,THR_769,0.93,1.00,1.05
A,TYR_770,0.93,0.88,0.88
A,ALA_771,0.90,0.12,-0.40
A,SER_772,0.94,1.15,1.29
A,GLN_773,0.95,1.68,1.81
A,GLY_774,0.95,1.38,1.61
A,LEU_775,0.90,0.15,-0.28
A,VAL_776,0.84,-1.46,-2.73
A,ALA_777,0.86,-0.14,-1.78
A,SER_778,0.89,0.62,-0.49
A,ILE_779,0.84,-1.78,-2.88
A,LYS_780,0.87,-0.48,-1.39
A,ASN_781,0.90,0.91,-0.12
A,PHE_782,0.78,-2.74,-5.11
A,LYS_783,0.83,-1.97,-3.25
A,SER_784,0.92,1.40,0.40
A,VAL_785,0.83,-1.39,-3.34
A,LEU_786,0.81,-1.71,-3.79
A,TYR_787,0.88,-0.06,-1.16
A,TYR_788,0.85,0.00,-2.17
A,GLN_789,0.83,-1.01,-3.35
A,ASN_790,0.85,-0.77,-2.32
A,ASN_791,0.88,0.05,-0.97
A,VAL_792,0.88,-0.13,-1.18
A,PHE_793,0.92,1.34,0.69
A,MET_794,0.87,-0.44,-1.45
A,SER_795,0.92,1.00,0.66
A,GLU_796,0.91,0.32,0.00
A,ALA_797,0.95,2.38,1.82
A,LYS_798,0.93,1.39,1.00
A,CYS_799,0.91,0.61,0.33
A,TRP_800,0.90,-0.11,-0.39
A,THR_801,0.92,0.81,0.72
A,GLU_802,0.86,-2.40,-2.02
A,THR_803,0.96,2.82,2.06
A,ASP_804,0.93,1.41,0.98
A,LEU_805,0.90,-0.25,-0.28
A,THR_806,0.92,0.60,0.56
A,LYS_807,0.92,0.72,0.72
A,GLY_808,0.90,0.17,-0.14
A,PRO_809,0.88,-0.48,-0.92
A,HIS_810,0.93,1.65,0.93
A,GLU_811,0.89,0.32,-0.67
A,PHE_812,0.88,-0.10,-1.09
A,CYS_813,0.91,1.24,0.11
A,SER_814,0.88,-0.23,-1.27
A,GLN_815,0.86,-1.00,-1.85
A,HIS_816,0.91,1.20,0.30
A,THR_817,0.89,0.11,-0.66
A,MET_818,0.91,0.00,0.16
A,LEU_819,0.93,1.00,0.82
A,VAL_820,0.92,-0.24,0.35
A,LYS_821,0.95,2.35,1.72
A,GLN_822,0.92,0.54,0.65
A,GLY_823,0.90,-0.80,-0.10
A,ASP_824,0.90,-0.53,-0.21
A,ASP_825,0.94,2.23,1.18
A,TYR_826,0.91,-0.05,0.09
A,VAL_827,0.85,-2.30,-2.20
A,TYR_828,0.89,-1.01,-0.90
A,LEU_829,0.85,-2.21,-2.24
A,PRO_830,0.87,-0.93,-1.44
A,TYR_831,0.86,-1.50,-2.09
A,PRO_832,0.85,-2.29,-2.51
A,ASP_833,0.89,0.33,-0.84
A,PRO_834,0.90,0.98,-0.15
A,SER_835,0.92,1.66,0.40
A,ARG_836,0.88,-0.10,-1.15
A,ILE_837,0.84,-2.68,-2.94
A,LEU_838,0.88,-1.12,-1.22
A,GLY_839,0.88,-0.17,-1.19
A,ALA_840,0.86,-1.18,-2.10
A,GLY_841,0.91,1.13,0.11
A,CYS_842,0.88,0.11,-0.92
A,PHE_843,0.89,0.00,-0.65
A,VAL_844,0.86,-2.04,-1.98
A,ASP_845,0.90,-0.26,-0.17
A,ASP_846,0.92,0.56,0.44
A,ILE_847,0.93,0.68,0.82
A,VAL_848,0.92,0.53,0.66
A,LYS_849,0.94,1.11,1.19
A,THR_850,0.95,1.75,1.69
A,ASP_851,0.86,-1.55,-1.81
A,GLY_852,0.88,-0.97,-1.29
A,THR_853,0.88,-1.04,-1.23
A,LEU_854,0.91,0.82,0.20
A,MET_855,0.85,-2.04,-2.39
A,ILE_856,0.82,-3.25,-3.65
A,GLU_857,0.90,0.48,-0.43
A,ARG_858,0.90,0.82,-0.09
A,PHE_859,0.82,-2.23,-3.40
A,VAL_860,0.85,-2.03,-2.38
A,SER_861,0.92,2.12,0.71
A,LEU_862,0.88,0.00,-1.01
A,ALA_863,0.87,-1.06,-1.40
A,ILE_864,0.86,-1.23,-1.88
A,ASP_865,0.87,-0.08,-1.52
A,ALA_866,0.90,1.04,-0.11
A,TYR_867,0.91,0.54,-0.01
A,PRO_868,0.93,1.76,0.99
A,LEU_869,0.87,-1.12,-1.47
A,THR_870,0.92,0.31,0.34
A,LYS_871,0.96,1.34,2.04
A,HIS_872,0.95,1.14,1.61
A,PRO_873,0.97,1.49,2.44
A,ASN_874,0.94,0.73,1.27
A,GLN_875,0.86,-1.30,-1.90
A,GLU_876,0.85,-2.86,-2.31
A,TYR_877,0.88,-1.13,-1.13
A,ALA_878,0.91,-0.04,-0.05
A,ASP_879,0.91,-0.01,-0.06
A,VAL_880,0.90,-0.34,-0.35
A,PHE_881,0.93,1.16,1.00
A,HIS_882,0.92,1.44,0.51
A,LEU_883,0.91,-0.00,-0.05
A,TYR_884,0.90,-0.21,-0.42
A,LEU_885,0.87,-3.16,-1.55
A,GLN_886,0.93,1.64,1.14
A,TYR_887,0.91,0.17,0.03
A,ILE_888,0.90,0.00,-0.27
A,ARG_889,0.90,-0.48,-0.31
A,LYS_890,0.90,0.13,-0.13
A,LEU_891,0.94,1.28,1.24
A,HIS_892,0.92,0.34,0.48
A,ASP_893,0.87,-2.19,-1.44
A,GLU_894,0.86,-2.97,-1.83
A,LEU_895,0.95,1.17,1.63
A,THR_896,0.92,0.00,0.72
A,GLY_897,0.94,1.66,1.50
A,HIS_898,0.95,2.08,1.80
A,MET_899,0.93,0.27,0.92
A,LEU_900,0.92,-0.08,0.66
A,ASP_901,0.93,0.00,0.76
A,MET_902,0.94,1.48,1.24
A,TYR_903,0.92,-0.12,0.60
A,SER_904,0.91,-1.18,-0.02
A,VAL_905,0.89,-2.79,-0.55
A,MET_906,0.87,-2.28,-1.41
A,LEU_907,0.91,1.29,0.07
A,THR_908,0.90,-0.19,-0.42
A,ASN_909,0.87,-1.22,-1.67
A,ASP_910,0.90,-0.17,-0.18
A,ASN_911,0.94,0.13,1.52
A,THR_912,0.94,1.21,1.50
A,SER_913,0.95,1.25,1.70
A,ARG_914,0.96,1.88,2.38
A,TYR_915,0.94,1.13,1.39
A,TRP_916,0.93,1.00,0.81
A,GLU_917,0.91,-0.21,0.33
A,PRO_918,0.94,1.52,1.36
A,GLU_919,0.90,-0.89,-0.22
A,PHE_920,0.87,-1.64,-1.64
A,TYR_921,0.90,-0.07,-0.18
A,GLU_922,0.86,-3.36,-1.90
A,ALA_923,0.91,0.30,0.29
A,MET_924,0.90,-0.08,-0.28
A,TYR_925,0.89,-0.61,-0.61
A,THR_926,0.94,1.97,1.46
A,PRO_927,0.93,1.00,1.00
A,HIS_928,0.91,-0.35,0.30
A,THR_929,0.93,1.04,1.14
A,ZN_1001,0.84,-0.78,-2.89
A,ZN_1002,0.93,0.74,0.84
A,MG_1003,0.91,1.16,0.16
A,ADP_1004,0.90,-0.15,-0.18
A,1N7_1005,0.82,-6.97,-3.42
A,1N7_1006,0.83,-5.87,-2.96
B,PHE_6,0.88,-1.79,-2.01
B,SER_7,0.88,-2.05,-2.08
B,SER_8,0.90,-0.32,-0.94
B,LEU_9,0.92,-0.07,-0.26
B,PRO_10,0.92,-0.02,0.09
B,SER_11,0.94,2.00,1.28
B,TYR_12,0.90,-1.29,-1.15
B,ALA_13,0.94,2.23,1.24
B,ALA_14,0.91,-0.31,-0.37
B,PHE_15,0.92,0.04,0.13
B,ALA_16,0.90,-0.69,-0.84
B,THR_17,0.90,-0.46,-1.05
B,ALA_18,0.92,0.72,-0.20
B,GLN_19,0.93,1.30,0.35
B,GLU_20,0.90,0.09,-1.04
B,ALA_21,0.89,-0.10,-1.36
B,TYR_22,0.90,-0.05,-1.17
B,GLU_23,0.88,0.00,-2.07
B,GLN_24,0.85,-0.42,-3.68
B,ALA_25,0.83,-1.40,-4.91
B,VAL_26,0.80,-1.48,-6.37
B,ALA_27,0.79,-1.31,-6.99
B,ASN_28,0.78,-1.52,-7.43
B,GLY_29,0.84,-0.28,-4.27
B,ASP_30,0.84,0.00,-4.06
B,SER_31,0.91,1.11,-0.56
B,GLU_32,0.85,-1.22,-3.61
B,VAL_33,0.91,0.11,-0.55
B,VAL_34,0.91,0.32,-0.50
B,LEU_35,0.86,-1.30,-3.24
B,LYS_36,0.91,-0.22,-0.76
B,LYS_37,0.93,1.00,0.42
B,LEU_38,0.89,-0.96,-1.52
B,LYS_39,0.94,1.49,0.93
B,LYS_40,0.94,1.52,1.29
B,SER_41,0.93,0.11,0.25
B,LEU_42,0.91,-1.55,-0.60
B,ASN_43,0.94,0.84,0.80
B,VAL_44,0.93,-0.56,0.42
B,ALA_45,0.93,0.52,0.62
B,LYS_46,0.92,-1.22,-0.09
B,SER_47,0.94,1.50,1.16
B,GLU_48,0.93,0.01,0.62
B,PHE_49,0.93,0.47,0.65
B,ASP_50,0.93,0.13,0.70
B,ARG_51,0.93,-0.75,0.27
B,ASP_52,0.94,1.14,1.26
B,ALA_53,0.92,-1.16,-0.20
B,ALA_54,0.95,1.14,1.35
B,MET_55,0.94,0.27,0.84
B,GLN_56,0.90,-0.67,-1.00
B,ARG_57,0.86,-2.15,-3.05
B,LYS_58,0.94,1.24,1.24
B,LEU_59,0.95,1.70,1.59
B,GLU_60,0.90,-0.68,-1.11
B,LYS_61,0.89,-0.88,-1.39
B,MET_62,0.92,0.71,-0.23
B,ALA_63,0.92,0.28,-0.09
B,ASP_64,0.89,-1.36,-1.55
B,GLN_65,0.91,0.46,-0.50
B,ALA_66,0.94,2.31,1.19
B,MET_67,0.87,-2.34,-2.63
B,THR_68,0.93,1.14,0.62
B,GLN_69,0.90,-0.79,-1.22
B,MET_70,0.90,-0.31,-0.83
B,TYR_71,0.88,-1.37,-1.88
B,LYS_72,0.93,0.86,0.41
B,GLN_73,0.95,2.08,1.31
B,ALA_74,0.91,-0.66,-0.50
B,ARG_75,0.91,-0.95,-0.80
B,SER_76,0.96,2.42,2.22
B,GLU_77,0.92,-1.20,-0.26
B,ASP_78,0.92,-0.69,-0.02
B,LYS_79,0.93,0.03,0.55
B,ARG_80,0.93,0.25,0.70
B,ALA_81,0.97,3.60,2.51
B,LYS_82,0.93,-0.09,0.51
B,VAL_83,0.92,-1.00,0.20
B,THR_84,0.95,1.75,1.43
B,SER_85,0.94,0.29,0.95
B,ALA_86,0.94,-0.14,0.85
B,MET_87,0.89,-5.93,-1.38
B,GLN_88,0.94,1.19,1.27
B,THR_89,0.94,0.00,0.96
B,MET_90,0.92,-4.01,-0.12
B,LEU_91,0.94,1.05,1.22
B,PHE_92,0.93,-0.52,0.61
B,THR_93,0.94,0.00,0.82
B,MET_94,0.94,1.00,1.05
B,LEU_95,0.96,2.72,1.84
B,ARG_96,0.92,-1.92,-0.06
B,LYS_97,0.93,0.00,0.63
B,LEU_98,0.94,0.56,0.82
B,ASP_99,0.89,-1.61,-1.44
B,ASN_100,0.91,-0.92,-0.30
B,ASP_101,0.90,-1.15,-0.84
B,ALA_102,0.94,1.04,1.21
B,LEU_103,0.86,-3.08,-3.40
B,ASN_104,0.93,0.43,0.71
B,ASN_105,0.97,2.18,2.41
B,ILE_106,0.92,-0.02,0.08
B,ILE_107,0.87,-1.95,-2.89
B,ASN_108,0.95,1.47,1.80
B,ASN_109,0.96,1.25,2.00
B,ALA_110,0.92,0.10,0.20
B,ARG_111,0.89,-1.14,-1.46
B,ASP_112,0.92,0.00,-0.00
B,GLY_113,0.92,0.02,0.05
B,CYS_114,0.90,0.13,-1.09
B,VAL_115,0.87,-0.46,-2.68
B,PRO_116,0.84,-1.67,-4.29
B,LEU_117,0.81,-3.45,-5.58
B,ASN_118,0.85,-1.00,-3.52
B,ILE_119,0.88,0.43,-1.98
B,ILE_120,0.87,-0.11,-2.84
B,PRO_121,0.87,-0.71,-2.67
B,LEU_122,0.90,0.00,-1.07
B,THR_123,0.92,0.67,0.14
B,THR_124,0.92,0.32,0.15
B,ALA_125,0.90,-0.36,-1.00
B,ALA_126,0.96,1.98,1.93
B,LYS_127,0.92,-0.03,0.00
B,LEU_128,0.87,-1.65,-2.41
B,MET_129,0.87,-1.82,-2.84
B,VAL_130,0.86,-2.04,-3.11
B,VAL_131,0.86,-1.68,-2.96
B,ILE_132,0.90,-0.02,-1.00
B,PRO_133,0.93,0.61,0.45
B,ASP_134,0.88,-3.96,-2.15
B,TYR_135,0.94,0.43,0.86
B,ASN_136,0.94,0.95,1.10
B,THR_137,0.91,-0.40,-0.76
B,TYR_138,0.88,-2.54,-1.99
B,LYS_139,0.93,0.25,0.54
B,ASN_140,0.93,0.54,0.47
B,THR_141,0.92,0.62,0.04
B,CYS_142,0.86,-4.02,-3.37
B,ASP_143,0.91,-1.00,-0.39
B,GLY_144,0.93,0.00,0.35
B,THR_145,0.93,0.28,0.40
B,THR_146,0.94,1.23,1.26
B,PHE_147,0.90,-1.58,-1.05
B,THR_148,0.94,1.80,1.14
B,TYR_149,0.90,-0.42,-0.93
B,ALA_150,0.91,-0.35,-0.71
B,SER_151,0.95,3.96,1.70
B,ALA_152,0.91,-0.66,-0.51
B,LEU_153,0.95,1.11,1.81
B,TRP_154,0.91,-0.92,-0.64
B,GLU_155,0.92,-0.06,0.18
B,ILE_156,0.94,1.65,1.01
B,GLN_157,0.92,0.06,0.23
B,GLN_158,0.91,-0.46,-0.29
B,VAL_159,0.92,0.00,0.02
B,VAL_160,0.89,-1.36,-1.44
B,ASP_161,0.89,-1.67,-1.56
B,ALA_162,0.91,-0.31,-0.31
B,ASP_163,0.89,-2.30,-1.73
B,SER_164,0.95,1.32,1.71
B,LYS_165,0.92,-0.06,-0.16
B,ILE_166,0.96,1.56,1.86
B,VAL_167,0.95,1.04,1.38
B,GLN_168,0.94,0.04,0.79
B,LEU_169,0.95,0.94,1.34
B,SER_170,0.96,1.23,2.27
B,GLU_171,0.91,-3.17,-0.39
B,ILE_172,0.93,-0.28,0.71
B,SER_173,0.96,1.57,2.24
B,MET_174,0.94,0.12,1.17
B,ASP_175,0.92,-2.88,-0.28
B,ASN_176,0.96,1.32,2.09
B,SER_177,0.95,1.08,1.67
B,PRO_178,0.95,1.09,1.73
B,ASN_179,0.94,0.56,1.21
B,LEU_180,0.93,-0.39,0.36
B,ALA_181,0.92,-0.49,0.11
B,TRP_182,0.94,0.78,0.84
B,PRO_183,0.92,0.47,-0.15
B,LEU_184,0.93,0.99,0.61
B,ILE_185,0.88,-1.34,-1.89
B,VAL_186,0.90,-0.08,-0.97
B,THR_187,0.91,-0.39,-0.80
B,ALA_188,0.92,0.02,0.06
B,LEU_189,0.94,0.99,1.00
B,ARG_190,0.93,0.43,0.54
B,ALA_191,0.95,1.59,1.69
C,SER_1,0.91,-0.63,-0.10
C,LYS_2,0.90,-1.49,-0.25
C,MET_3,0.91,-0.42,0.00
C,SER_4,0.92,1.28,0.54
C,ASP_5,0.91,0.06,0.05
C,VAL_6,0.92,0.72,0.42
C,LYS_7,0.93,0.89,0.68
C,CYS_8,0.83,-1.23,-3.38
C,THR_9,0.85,-2.26,-2.51
C,SER_10,0.93,2.95,0.91
C,VAL_11,0.88,0.37,-1.28
C,VAL_12,0.78,-2.77,-5.51
C,LEU_13,0.85,-0.63,-2.76
C,LEU_14,0.90,0.89,-0.30
C,SER_15,0.90,0.30,-0.28
C,VAL_16,0.83,-2.84,-3.22
C,LEU_17,0.87,-0.30,-1.67
C,GLN_18,0.93,1.15,1.01
C,GLN_19,0.92,0.73,0.50
C,LEU_20,0.94,1.03,1.17
C,ARG_21,0.88,-2.14,-1.39
C,VAL_22,0.90,-0.72,-0.40
C,GLU_23,0.92,-0.03,0.48
C,SER_24,0.94,1.00,1.36
C,SER_25,0.93,0.61,0.95
C,SER_26,0.94,1.23,1.37
C,LYS_27,0.93,0.44,0.86
C,LEU_28,0.91,-0.29,0.03
C,TRP_29,0.89,-0.82,-1.06
C,ALA_30,0.92,0.85,0.61
C,GLN_31,0.90,-0.18,-0.59
C,CYS_32,0.78,-5.84,-5.36
C,VAL_33,0.82,-4.79,-3.95
C,GLN_34,0.91,0.60,-0.20
C,LEU_35,0.90,0.34,-0.38
C,HIS_36,0.84,-0.99,-2.83
C,ASN_37,0.92,0.62,0.38
C,ASP_38,0.91,0.62,-0.05
C,ILE_39,0.80,-4.74,-4.50
C,LEU_40,0.86,-2.47,-2.02
C,LEU_41,0.94,1.96,1.31
C,ALA_42,0.91,-0.51,0.02
C,LYS_43,0.93,1.00,0.65
C,ASP_44,0.92,0.50,0.33
C,THR_45,0.92,0.28,0.23
C,THR_46,0.94,2.79,1.29
C,GLU_47,0.90,-0.17,-0.27
C,ALA_48,0.84,-4.40,-3.06
C,PHE_49,0.90,-0.50,-0.59
C,GLU_50,0.92,1.00,0.26
C,LYS_51,0.88,-0.57,-1.22
C,MET_52,0.84,-1.42,-3.07
C,VAL_53,0.88,-0.16,-1.17
C,SER_54,0.95,1.68,1.48
C,LEU_55,0.84,-1.09,-2.90
C,LEU_56,0.84,-1.01,-2.95
C,SER_57,0.93,1.07,0.70
C,VAL_58,0.94,1.43,1.15
C,LEU_59,0.88,-0.63,-1.18
C,LEU_60,0.87,-3.12,-1.67
C,SER_61,0.94,0.92,1.10
C,MET_62,0.92,-0.27,0.38
C,GLN_63,0.90,-0.92,-0.27
C,GLY_64,0.93,0.95,1.00
C,ALA_65,0.94,1.06,1.15
C,VAL_66,0.92,-0.08,0.34
C,ASP_67,0.91,-1.73,-0.13
C,ILE_68,0.95,1.59,1.46
C,ASN_69,0.95,1.79,1.47
C,LYS_70,0.92,0.06,0.42
C,LEU_71,0.94,1.15,1.09
C,CYS_72,0.91,-0.37,0.17
C,GLU_73,0.87,-3.95,-1.80
D,PHE_6,0.85,-1.50,-5.70
D,SER_7,0.88,0.21,-3.55
D,SER_8,0.94,2.97,0.83
D,LEU_9,0.89,0.00,-2.52
D,PRO_10,0.86,-1.00,-4.89
D,SER_11,0.90,-1.77,-1.86
D,TYR_12,0.87,-2.74,-4.22
D,ALA_13,0.84,-1.97,-5.92
D,ALA_14,0.86,-2.32,-4.64
D,PHE_15,0.91,-0.71,-0.93
D,ALA_16,0.94,1.66,1.14
D,THR_17,0.90,-0.20,-1.91
D,ALA_18,0.93,0.72,0.21
D,GLN_19,0.90,-0.39,-1.59
D,GLU_20,0.88,-1.37,-3.19
D,ALA_21,0.89,-0.67,-2.28
D,TYR_22,0.91,0.00,-1.28
D,GLU_23,0.91,0.83,-1.30
D,GLN_24,0.84,-1.54,-5.83
D,ALA_25,0.91,0.73,-1.38
D,VAL_26,0.88,-0.24,-3.51
D,ALA_27,0.86,-0.82,-4.91
D,ASN_28,0.78,-3.35,-10.66
D,GLY_29,0.88,0.57,-3.08
D,ASP_30,0.84,-1.45,-5.89
D,SER_31,0.86,-1.55,-4.67
D,GLU_32,0.90,-0.09,-1.64
D,VAL_33,0.90,-1.14,-1.89
D,VAL_34,0.93,1.31,0.06
D,LEU_35,0.92,1.00,-0.11
D,LYS_36,0.93,0.75,0.17
D,LYS_37,0.91,-1.29,-1.07
D,LEU_38,0.91,-0.52,-0.72
D,LYS_39,0.92,-0.71,-0.36
D,LYS_40,0.93,-0.07,0.11
D,SER_41,0.94,1.00,0.78
D,LEU_42,0.94,1.28,1.25
D,ASN_43,0.93,0.82,0.64
D,VAL_44,0.94,2.00,1.13
D,ALA_45,0.93,0.76,0.60
D,LYS_46,0.92,-0.14,0.03
D,SER_47,0.94,1.39,0.76
D,GLU_48,0.92,-0.06,-0.01
D,PHE_49,0.92,0.00,-0.14
D,ASP_50,0.93,0.10,0.12
D,ARG_51,0.93,0.15,0.12
D,ASP_52,0.93,0.29,0.18
D,ALA_53,0.93,0.43,0.43
D,ALA_54,0.92,-1.00,-0.17
D,MET_55,0.91,-3.82,-1.03
D,GLN_56,0.94,1.60,1.37
D,ARG_57,0.91,-1.68,-1.02
D,LYS_58,0.95,1.79,1.77
D,LEU_59,0.95,1.92,1.88
D,GLU_60,0.93,-0.15,0.37
D,LYS_61,0.94,0.18,0.92
D,MET_62,0.93,-0.74,0.20
D,ALA_63,0.91,-1.35,-0.74
D,ASP_64,0.93,0.00,0.64
D,GLN_65,0.94,1.27,1.40
D,ALA_66,0.95,2.33,1.72
D,MET_67,0.92,-0.48,-0.44
D,THR_68,0.92,0.00,-0.34
D,GLN_69,0.95,3.22,2.03
D,MET_70,0.91,-0.72,-0.91
D,TYR_71,0.92,-0.25,-0.60
D,LYS_72,0.91,-1.21,-1.08
D,GLN_73,0.93,1.04,0.08
D,ALA_74,0.91,-1.00,-1.13
D,ARG_75,0.90,-2.56,-1.96
D,SER_76,0.93,1.95,0.51
D,GLU_77,0.92,0.00,-0.51
D,ASP_78,0.92,0.09,-0.38
D,LYS_79,0.91,-1.00,-1.27
D,ARG_80,0.92,0.16,-0.04
D,ALA_81,0.95,1.32,1.59
D,LYS_82,0.89,-2.19,-2.74
D,VAL_83,0.94,0.83,0.87
D,THR_84,0.95,1.58,1.94
D,SER_85,0.96,2.46,2.69
D,ALA_86,0.96,2.93,2.85
D,MET_87,0.92,-0.34,-0.32
D,GLN_88,0.92,-0.26,0.01
D,THR_89,0.92,-0.88,-0.24
D,MET_90,0.93,0.00,0.09
D,LEU_91,0.91,-1.11,-0.96
D,PHE_92,0.90,-2.09,-1.46
D,THR_93,0.96,2.76,2.71
D,MET_94,0.93,0.35,0.40
D,LEU_95,0.94,0.96,1.04
D,ARG_96,0.90,-2.48,-1.94
D,LYS_97,0.93,0.44,0.50
D,LEU_98,0.94,0.84,1.08
D,ASP_99,0.91,-1.61,-1.12
D,ASN_100,0.92,-0.81,-0.30
D,ASP_101,0.89,-3.24,-2.15
D,ALA_102,0.95,1.36,2.01
D,LEU_103,0.90,-3.15,-1.83
D,ASN_104,0.94,1.00,1.34
D,ASN_105,0.95,2.00,1.49
D,ILE_106,0.93,-0.13,0.53
D,ILE_107,0.93,0.20,0.68
D,ASN_108,0.93,0.26,0.59
D,ASN_109,0.93,-0.24,0.50
D,ALA_110,0.93,-1.17,0.14
D,ARG_111,0.93,-1.00,0.19
D,ASP_112,0.94,3.37,1.30
D,GLY_113,0.93,-0.63,0.27
D,CYS_114,0.88,-10.39,-3.13
D,VAL_115,0.90,-2.87,-1.45
D,PRO_116,0.94,0.49,0.77
D,LEU_117,0.95,2.07,1.87
D,ASN_118,0.93,0.00,0.18
D,ILE_119,0.93,-0.17,0.25
D,ILE_120,0.94,0.33,0.78
D,PRO_121,0.95,2.89,2.16
D,LEU_122,0.96,2.98,2.55
D,THR_123,0.94,1.38,1.13
D,THR_124,0.92,0.00,-0.32
D,ALA_125,0.93,0.25,0.05
D,ALA_126,0.90,-1.17,-2.01
D,LYS_127,0.89,-2.37,-2.51
D,LEU_128,0.84,-3.66,-5.81
D,MET_129,0.90,-0.73,-2.00
D,VAL_130,0.85,-3.12,-5.50
D,VAL_131,0.90,-1.29,-1.43
D,ILE_132,0.96,4.16,2.62
D,PRO_133,0.94,1.38,1.27
D,ASP_134,0.94,0.88,1.01
D,TYR_135,0.93,-0.76,0.58
D,ASN_136,0.92,-0.71,-0.02
D,THR_137,0.93,-0.61,0.18
D,TYR_138,0.94,0.35,0.79
D,LYS_139,0.92,-1.54,-0.62
D,ASN_140,0.92,-1.65,-0.36
D,THR_141,0.94,1.11,0.88
D,CYS_142,0.93,0.13,0.15
D,ASP_143,0.92,0.07,-0.18
D,GLY_144,0.92,0.60,-0.23
D,THR_145,0.89,-1.73,-2.36
D,THR_146,0.92,-0.33,-0.56
D,PHE_147,0.93,1.12,0.71
D,THR_148,0.94,1.15,0.97
D,TYR_149,0.93,0.00,0.60
D,ALA_150,0.94,0.10,0.80
D,SER_151,0.95,1.50,2.17
D,ALA_152,0.95,1.01,1.90
D,LEU_153,0.91,-0.28,-0.69
D,TRP_154,0.91,-0.48,-1.13
D,GLU_155,0.89,-2.95,-2.20
D,ILE_156,0.91,-0.02,-1.05
D,GLN_157,0.91,0.74,-1.07
D,GLN_158,0.87,-2.48,-3.94
D,VAL_159,0.91,0.00,-1.02
D,VAL_160,0.91,-1.70,-1.19
D,ASP_161,0.95,1.30,1.54
D,ALA_162,0.94,1.00,1.30
D,ASP_163,0.93,-0.23,0.69
D,SER_164,0.93,-0.46,0.38
D,LYS_165,0.92,-1.22,0.01
D,ILE_166,0.94,1.11,1.39
D,VAL_167,0.94,0.60,0.80
D,GLN_168,0.93,0.87,0.46
D,LEU_169,0.89,-2.52,-2.24
D,SER_170,0.92,-1.78,-0.31
D,GLU_171,0.93,-0.39,0.16
D,ILE_172,0.94,1.59,1.37
D,SER_173,0.94,0.69,1.13
D,MET_174,0.92,-1.63,-0.32
D,ASP_175,0.90,-3.21,-1.73
D,ASN_176,0.93,0.00,0.64
D,SER_177,0.95,2.23,1.83
D,PRO_178,0.94,0.00,0.88
D,ASN_179,0.91,-2.22,-0.99
D,LEU_180,0.94,0.24,0.93
D,ALA_181,0.91,-5.76,-1.31
D,TRP_182,0.94,0.03,0.91
D,PRO_183,0.93,-0.15,0.54
D,LEU_184,0.94,0.38,0.93
D,ILE_185,0.91,-0.97,-0.74
D,VAL_186,0.89,-0.89,-2.35
D,THR_187,0.92,1.00,-0.19
D,ALA_188,0.83,-5.95,-6.69
D,LEU_189,0.92,0.51,-0.39
D,ARG_190,0.92,0.28,-0.13
D,ALA_191,0.91,-0.44,-0.81
E,ALA_1,0.91,-4.29,0.17
E,VAL_2,0.92,-1.57,0.84
E,GLY_3,0.95,1.13,1.85
E,ALA_4,0.93,-0.18,1.27
E,CYS_5,0.94,0.81,1.54
E,VAL_6,0.94,0.80,1.68
E,LEU_7,0.91,-1.15,0.39
E,CYS_8,0.93,0.07,1.07
E,ASN_9,0.94,1.01,1.62
E,SER_10,0.94,0.81,1.55
E,GLN_11,0.93,-0.92,0.99
E,THR_12,0.95,1.35,1.85
E,SER_13,0.93,0.07,1.32
E,LEU_14,0.93,0.19,1.27
E,ARG_15,0.92,-0.62,0.71
E,CYS_16,0.87,-3.42,-1.17
E,GLY_17,0.94,1.10,1.40
E,ALA_18,0.89,-1.35,-0.36
E,CYS_19,0.92,0.26,0.85
E,ILE_20,0.92,0.13,0.90
E,ARG_21,0.91,-1.34,0.15
E,ARG_22,0.92,-0.39,0.55
E,PRO_23,0.94,1.18,1.56
E,PHE_24,0.93,-0.02,1.05
E,LEU_25,0.95,1.29,1.77
E,CYS_26,0.94,0.87,1.62
E,CYS_27,0.90,-1.96,0.08
E,LYS_28,0.91,-1.08,0.23
E,CYS_29,0.91,-0.28,0.46
E,CYS_30,0.92,0.00,0.75
E,TYR_31,0.93,1.05,1.25
E,ASP_32,0.91,0.14,0.52
E,HIS_33,0.92,0.22,0.66
E,VAL_34,0.94,1.65,1.49
E,ILE_35,0.93,0.71,1.15
E,SER_36,0.91,-0.72,0.22
E,THR_37,0.92,0.03,0.69
E,SER_38,0.94,1.21,1.40
E,HIS_39,0.88,-1.96,-0.76
E,LYS_40,0.94,1.62,1.61
E,LEU_41,0.91,-0.83,0.24
E,VAL_42,0.90,-2.16,0.01
E,LEU_43,0.92,-0.72,0.73
E,SER_44,0.93,-0.43,1.01
E,VAL_45,0.94,0.63,1.49
E,ASN_46,0.93,0.59,1.19
E,PRO_47,0.95,3.56,2.11
E,TYR_48,0.93,0.80,1.25
E,VAL_49,0.90,-1.00,-0.10
E,CYS_50,0.93,1.21,1.20
E,ASN_51,0.93,1.52,1.28
E,ALA_52,0.91,0.00,0.32
E,PRO_53,0.88,-2.36,-1.09
E,GLY_54,0.89,-0.65,-0.33
E,CYS_55,0.90,-0.64,-0.02
E,ASP_56,0.90,-0.78,-0.21
E,VAL_57,0.84,-4.25,-2.48
E,THR_58,0.93,1.16,1.24
E,ASP_59,0.93,0.27,1.13
E,VAL_60,0.94,1.29,1.54
E,THR_61,0.89,-2.79,-0.61
E,GLN_62,0.90,-1.00,0.00
E,LEU_63,0.92,0.27,0.77
E,TYR_64,0.90,-0.99,0.02
E,LEU_65,0.92,0.00,0.68
E,GLY_66,0.95,2.82,1.94
E,GLY_67,0.93,2.06,1.03
E,MET_68,0.93,1.07,1.27
E,SER_69,0.92,-0.21,0.56
E,TYR_70,0.91,-1.00,0.12
E,TYR_71,0.91,-0.30,0.39
E,CYS_72,0.94,1.75,1.70
E,LYS_73,0.92,0.34,0.57
E,SER_74,0.94,2.30,1.54
E,HIS_75,0.93,1.24,1.01
E,LYS_76,0.90,-1.10,0.01
E,PRO_77,0.92,0.62,0.90
E,PRO_78,0.87,-2.66,-1.20
E,ILE_79,0.89,-0.84,-0.47
E,SER_80,0.90,-0.95,-0.22
E,PHE_81,0.90,-1.52,-0.23
E,PRO_82,0.88,-2.46,-0.84
E,LEU_83,0.92,0.22,0.78
E,CYS_84,0.92,-0.26,0.60
E,ALA_85,0.95,2.07,1.86
E,ASN_86,0.93,1.00,1.24
E,GLY_87,0.95,3.18,1.82
E,GLN_88,0.91,-0.97,0.32
E,VAL_89,0.92,-0.28,0.61
E,PHE_90,0.92,-0.08,0.76
E,GLY_91,0.95,1.76,2.08
E,LEU_92,0.96,3.83,2.57
E,TYR_93,0.97,2.67,2.66
E,LYS_94,0.94,0.95,1.39
E,ASN_95,0.92,-0.01,0.82
E,THR_96,0.92,-0.98,0.83
E,CYS_97,0.89,-3.55,-0.33
E,VAL_98,0.92,0.03,0.87
E,GLY_99,0.93,0.95,1.20
E,SER_100,0.90,-1.08,-0.15
E,ASP_101,0.87,-5.34,-1.46
E,ASN_102,0.90,-0.68,-0.04
E,VAL_103,0.90,-1.17,-0.11
E,THR_104,0.89,-2.04,-0.66
E,ASP_105,0.89,-1.00,-0.38
E,PHE_106,0.91,-0.38,0.22
E,ASN_107,0.91,0.00,0.45
E,ALA_108,0.93,0.62,1.03
E,ILE_109,0.94,1.49,1.66
E,ALA_110,0.94,2.49,1.69
E,THR_111,0.90,-1.49,-0.11
E,CYS_112,0.94,1.33,1.39
E,ASP_113,0.93,0.40,1.02
E,TRP_114,0.91,0.00,0.51
E,THR_115,0.91,-0.03,0.12
E,ASN_116,0.90,-0.14,-0.27
E,ALA_117,0.88,-1.12,-1.10
E,GLY_118,0.87,-2.27,-1.28
E,ASP_119,0.92,0.40,0.78
E,TYR_120,0.93,1.20,1.33
E,ILE_121,0.90,-0.31,-0.04
E,LEU_122,0.93,1.00,1.25
E,ALA_123,0.94,1.00,1.40
E,ASN_124,0.88,-1.91,-0.79
E,THR_125,0.87,-2.84,-1.32
E,CYS_126,0.87,-2.30,-1.40
E,THR_127,0.90,-1.22,-0.19
E,GLU_128,0.92,-0.00,0.66
E,ARG_129,0.93,0.73,1.10
E,LEU_130,0.94,1.48,1.69
E,LYS_131,0.92,0.19,0.93
E,LEU_132,0.95,2.51,2.02
E,PHE_133,0.92,-0.44,0.74
E,ALA_134,0.91,-1.04,0.39
E,ALA_135,0.90,-3.20,0.06
E,GLU_136,0.92,-0.08,0.82
E,THR_137,0.95,2.01,1.87
E,LEU_138,0.93,0.70,1.25
E,LYS_139,0.94,1.92,1.38
E,ALA_140,0.95,3.04,2.09
E,THR_141,0.91,-0.53,0.35
E,GLU_142,0.90,-1.48,-0.08
E,GLU_143,0.92,0.57,0.75
E,THR_144,0.91,0.00,0.19
E,PHE_145,0.87,-2.62,-1.40
E,LYS_146,0.90,0.54,0.06
E,LEU_147,0.93,2.38,1.05
E,SER_148,0.90,0.99,0.05
E,TYR_149,0.87,-0.09,-1.16
E,GLY_150,0.82,-5.01,-3.45
E,ILE_151,0.84,-3.64,-2.74
E,ALA_152,0.87,-0.09,-1.25
E,THR_153,0.87,-0.01,-1.35
E,VAL_154,0.85,-1.03,-2.16
E,ARG_155,0.81,-3.19,-3.89
E,GLU_156,0.81,-3.03,-3.79
E,VAL_157,0.82,-1.55,-3.50
E,LEU_158,0.87,0.27,-1.51
E,SER_159,0.83,-2.33,-2.92
E,ASP_160,0.83,-4.24,-2.99
E,ARG_161,0.88,0.67,-0.82
E,GLU_162,0.87,-0.12,-1.45
E,LEU_163,0.88,0.53,-1.07
E,HIS_164,0.85,-0.57,-2.04
E,LEU_165,0.90,1.55,-0.15
E,SER_166,0.88,0.88,-0.75
E,TRP_167,0.89,1.70,-0.55
E,GLU_168,0.88,0.72,-0.96
E,VAL_169,0.87,-0.11,-1.29
E,GLY_170,0.87,-1.00,-1.52
E,LYS_171,0.89,1.27,-0.61
E,PRO_172,0.87,0.00,-1.12
E,ARG_173,0.86,-1.09,-1.59
E,PRO_174,0.87,-0.00,-1.12
E,PRO_175,0.89,1.22,-0.41
E,LEU_176,0.89,0.49,-0.48
E,ASN_177,0.87,-1.13,-1.32
E,ARG_178,0.89,0.63,-0.46
E,ASN_179,0.90,1.00,-0.19
E,TYR_180,0.89,-0.59,-0.69
E,VAL_181,0.87,-2.14,-1.29
E,PHE_182,0.90,1.12,0.03
E,THR_183,0.92,1.81,0.54
E,GLY_184,0.94,4.01,1.44
E,TYR_185,0.86,-0.78,-1.63
E,ARG_186,0.87,0.02,-1.34
E,VAL_187,0.80,-3.66,-4.31
E,THR_188,0.81,-3.45,-3.98
E,LYS_189,0.85,-0.46,-2.20
E,ASN_190,0.88,0.78,-1.03
E,SER_191,0.91,2.14,0.16
E,LYS_192,0.85,-1.07,-2.31
E,VAL_193,0.89,0.84,-0.61
E,GLN_194,0.87,-0.65,-1.21
E,ILE_195,0.86,-0.50,-1.62
E,GLY_196,0.90,1.10,0.09
E,GLU_197,0.89,0.24,-0.41
E,TYR_198,0.88,-0.45,-0.77
E,THR_199,0.93,5.76,1.20
E,PHE_200,0.88,-0.41,-0.77
E,GLU_201,0.89,0.00,-0.59
E,LYS_202,0.87,-0.89,-1.36
E,GLY_203,0.91,1.91,0.52
E,ASP_204,0.87,-0.55,-1.42
E,TYR_205,0.82,-3.27,-3.56
E,GLY_206,0.75,-5.54,-6.17
E,ASP_207,0.84,-1.50,-2.74
E,ALA_208,0.88,0.91,-0.73
E,VAL_209,0.90,1.41,-0.25
E,VAL_210,0.92,4.76,0.77
E,TYR_211,0.87,-1.94,-1.42
E,ARG_212,0.88,-0.83,-1.06
E,GLY_213,0.89,0.57,-0.44
E,THR_214,0.89,0.47,-0.53
E,THR_215,0.83,-3.25,-2.89
E,THR_216,0.87,0.01,-1.26
E,TYR_217,0.83,-2.06,-2.79
E,LYS_218,0.87,0.79,-1.26
E,LEU_219,0.87,0.10,-1.44
E,ASN_220,0.89,2.11,-0.52
E,VAL_221,0.85,-0.30,-2.07
E,GLY_222,0.90,3.38,-0.19
E,ASP_223,0.85,-1.00,-2.11
E,TYR_224,0.86,-0.49,-1.74
E,PHE_225,0.90,1.26,0.01
E,VAL_226,0.91,1.80,0.29
E,LEU_227,0.89,0.15,-0.59
E,THR_228,0.89,-0.56,-0.67
E,SER_229,0.88,-1.38,-0.94
E,HIS_230,0.87,-0.99,-1.36
E,THR_231,0.86,-1.38,-1.78
E,VAL_232,0.86,-2.14,-1.72
E,MET_233,0.90,-1.01,-0.24
E,PRO_234,0.93,1.92,1.31
E,LEU_235,0.91,-0.70,0.33
E,SER_236,0.89,-2.19,-0.36
E,ALA_237,0.91,-1.45,0.25
E,PRO_238,0.92,-0.53,0.67
E,THR_239,0.90,-2.65,-0.00
E,LEU_240,0.90,-1.61,-0.11
E,VAL_241,0.93,1.64,1.19
E,PRO_242,0.92,1.14,0.90
E,GLN_243,0.91,0.00,0.36
E,GLU_244,0.91,0.00,0.36
E,HIS_245,0.90,-0.57,-0.20
E,TYR_246,0.85,-3.33,-2.03
E,VAL_247,0.85,-2.33,-2.28
E,ARG_248,0.88,-1.20,-1.10
E,ILE_249,0.91,0.28,0.32
E,THR_250,0.88,-0.55,-0.91
E,GLY_251,0.92,1.56,0.84
E,LEU_252,0.87,-5.17,-1.24
E,TYR_253,0.89,-1.41,-0.47
E,PRO_254,0.90,-0.50,-0.08
E,THR_255,0.91,0.72,0.30
E,LEU_256,0.85,-2.41,-2.25
E,ASN_257,0.88,-0.90,-0.89
E,ILE_258,0.83,-2.77,-3.12
E,SER_259,0.89,-0.57,-0.45
E,ASP_260,0.90,-0.47,-0.29
E,GLU_261,0.91,-0.23,0.19
E,PHE_262,0.94,1.15,1.74
E,SER_263,0.95,1.16,1.78
E,SER_264,0.91,-0.14,0.46
E,ASN_265,0.94,0.72,1.62
E,VAL_266,0.96,1.92,2.30
E,ALA_267,0.94,0.44,1.47
E,ASN_268,0.87,-2.97,-1.34
E,TYR_269,0.92,-0.48,0.71
E,GLN_270,0.93,0.86,1.21
E,LYS_271,0.91,-0.05,0.28
E,VAL_272,0.93,1.00,1.26
E,GLY_273,0.93,1.62,1.25
E,MET_274,0.91,0.43,0.41
E,GLN_275,0.90,-0.36,0.06
E,LYS_276,0.88,-1.69,-0.77
E,TYR_277,0.89,-1.47,-0.40
E,SER_278,0.94,1.88,1.40
E,THR_279,0.92,0.66,0.91
E,LEU_280,0.90,-0.26,0.04
E,GLN_281,0.88,-1.33,-0.89
E,GLY_282,0.94,1.51,1.37
E,PRO_283,0.89,0.11,-0.39
E,PRO_284,0.89,-0.02,-0.57
E,GLY_285,0.88,-0.26,-0.81
E,THR_286,0.93,2.07,1.25
E,GLY_287,0.94,1.85,1.50
E,LYS_288,0.89,-0.78,-0.67
E,SER_289,0.92,-0.24,0.81
E,HIS_290,0.92,-0.41,0.84
E,PHE_291,0.91,-0.70,0.32
E,ALA_292,0.95,1.83,1.86
E,ILE_293,0.93,0.65,1.21
E,GLY_294,0.95,1.36,1.82
E,LEU_295,0.93,0.26,1.33
E,ALA_296,0.92,0.00,0.79
E,LEU_297,0.94,1.31,1.53
E,TYR_298,0.92,-0.02,0.68
E,TYR_299,0.90,-1.02,0.08
E,PRO_300,0.93,1.33,1.29
E,SER_301,0.91,0.38,0.51
E,ALA_302,0.89,-2.21,-0.46
E,ARG_303,0.90,-0.37,0.08
E,ILE_304,0.92,0.32,0.79
E,VAL_305,0.94,1.46,1.64
E,TYR_306,0.94,1.34,1.58
E,THR_307,0.92,0.40,0.69
E,ALA_308,0.94,1.53,1.58
E,CYS_309,0.89,-0.99,-0.59
E,SER_310,0.91,0.46,0.31
E,HIS_311,0.89,0.02,-0.40
E,ALA_312,0.85,-1.48,-1.95
E,ALA_313,0.79,-4.65,-4.54
E,VAL_314,0.90,0.18,-0.08
E,ASP_315,0.94,1.67,1.56
E,ALA_316,0.89,-0.21,-0.42
E,LEU_317,0.90,-1.14,-0.25
E,CYS_318,0.93,1.43,1.07
E,GLU_319,0.93,1.13,1.23
E,LYS_320,0.88,-1.91,-0.74
E,ALA_321,0.93,0.79,1.07
E,LEU_322,0.94,2.54,1.36
E,LYS_323,0.90,-1.00,-0.20
E,TYR_324,0.86,-4.03,-1.71
E,LEU_325,0.91,0.00,0.45
E,PRO_326,0.90,-0.47,0.02
E,ILE_327,0.92,0.51,0.56
E,ASP_328,0.89,-1.72,-0.39
E,LYS_329,0.91,-0.03,0.21
E,CYS_330,0.90,0.28,-0.08
E,SER_331,0.92,0.58,0.59
E,ARG_332,0.89,0.50,-0.55
E,ILE_333,0.87,-0.96,-1.42
E,ILE_334,0.87,-0.04,-1.32
E,PRO_335,0.87,0.15,-1.29
E,ALA_336,0.84,-2.14,-2.62
E,ARG_337,0.82,-5.25,-3.34
E,ALA_338,0.91,3.06,0.25
E,ARG_339,0.85,-0.73,-2.21
E,VAL_340,0.86,0.04,-1.59
E,GLU_341,0.86,-0.37,-1.86
E,CYS_342,0.86,-0.26,-1.67
E,PHE_343,0.86,-0.78,-1.57
E,ASP_344,0.84,-2.14,-2.38
E,LYS_345,0.82,-1.90,-3.27
E,PHE_346,0.85,-1.57,-2.08
E,LYS_347,0.91,1.48,0.26
E,VAL_348,0.87,0.15,-1.18
E,ASN_349,0.88,0.85,-0.74
E,SER_350,0.85,-1.23,-2.19
E,THR_351,0.83,-2.98,-2.78
E,LEU_352,0.87,-1.71,-1.20
E,GLU_353,0.94,2.37,1.56
E,GLN_354,0.94,2.43,1.63
E,TYR_355,0.91,-0.18,0.34
E,VAL_356,0.89,-0.68,-0.38
E,PHE_357,0.86,-2.68,-1.89
E,CYS_358,0.89,-0.50,-0.51
E,THR_359,0.90,0.04,-0.04
E,VAL_360,0.90,-0.37,-0.03
E,ASN_361,0.85,-1.75,-2.05
E,ALA_362,0.87,-0.98,-1.39
E,LEU_363,0.88,-0.87,-1.02
E,PRO_364,0.94,2.08,1.62
E,GLU_365,0.91,-0.11,0.14
E,THR_366,0.91,0.20,0.42
E,THR_367,0.87,-4.00,-1.47
E,ALA_368,0.91,-0.33,0.21
E,ASP_369,0.90,-0.92,0.04
E,ILE_370,0.91,-0.40,0.34
E,VAL_371,0.93,1.27,1.34
E,VAL_372,0.93,0.34,1.34
E,PHE_373,0.91,-1.26,0.41
E,ASP_374,0.93,0.70,1.14
E,GLU_375,0.93,1.23,1.26
E,ILE_376,0.91,-1.41,0.14
E,SER_377,0.94,2.25,1.55
E,MET_378,0.93,0.74,1.06
E,ALA_379,0.94,1.11,1.59
E,THR_380,0.93,0.25,1.16
E,ASN_381,0.92,-1.04,0.73
E,TYR_382,0.92,-0.46,0.90
E,ASP_383,0.94,0.57,1.36
E,LEU_384,0.94,1.25,1.69
E,SER_385,0.93,0.23,1.05
E,VAL_386,0.94,1.01,1.48
E,VAL_387,0.96,2.20,2.29
E,ASN_388,0.95,1.20,1.83
E,ALA_389,0.94,1.10,1.54
E,ARG_390,0.92,0.26,0.81
E,LEU_391,0.93,0.00,1.24
E,ARG_392,0.90,-0.93,0.05
E,ALA_393,0.95,2.60,2.10
E,LYS_394,0.90,-0.06,0.01
E,HIS_395,0.92,0.16,0.59
E,TYR_396,0.95,2.58,2.13
E,VAL_397,0.93,0.73,1.18
E,TYR_398,0.91,-0.31,0.49
E,ILE_399,0.90,-0.63,0.07
E,GLY_400,0.89,-1.42,-0.69
E,ASP_401,0.91,-0.09,0.22
E,PRO_402,0.92,1.22,0.93
E,ALA_403,0.91,-0.06,0.26
E,GLN_404,0.91,-0.15,0.42
E,LEU_405,0.92,0.62,0.82
E,PRO_406,0.92,0.00,0.58
E,ALA_407,0.91,-1.04,0.13
E,PRO_408,0.89,-1.16,-0.38
E,ARG_409,0.91,0.84,0.45
E,THR_410,0.91,0.20,0.18
E,LEU_411,0.93,2.73,1.16
E,LEU_412,0.88,-1.32,-1.01
E,THR_413,0.90,0.02,-0.24
E,LYS_414,0.88,-0.80,-0.99
E,GLY_415,0.83,-2.50,-2.79
E,THR_416,0.88,-1.10,-1.06
E,LEU_417,0.92,0.59,0.53
E,GLU_418,0.91,0.06,0.30
E,PRO_419,0.91,-0.30,0.32
E,GLU_420,0.85,-6.43,-2.03
E,TYR_421,0.91,-0.38,0.27
E,PHE_422,0.93,1.12,1.23
E,ASN_423,0.92,-0.13,0.75
E,SER_424,0.94,1.02,1.42
E,VAL_425,0.94,1.85,1.40
E,CYS_426,0.87,-3.35,-1.25
E,ARG_427,0.91,0.12,0.43
E,LEU_428,0.94,1.69,1.71
E,MET_429,0.91,-0.01,0.30
E,LYS_430,0.91,0.05,0.33
E,THR_431,0.91,0.43,0.52
E,ILE_432,0.84,-9.29,-2.61
E,GLY_433,0.88,-1.68,-0.72
E,PRO_434,0.90,-0.34,-0.01
E,ASP_435,0.88,-1.10,-0.72
E,MET_436,0.91,0.22,0.34
E,PHE_437,0.87,-1.13,-1.13
E,LEU_438,0.91,0.10,0.26
E,GLY_439,0.79,-8.95,-4.56
E,THR_440,0.83,-4.78,-3.02
E,CYS_441,0.87,-1.12,-1.32
E,ARG_442,0.89,0.74,-0.54
E,ARG_443,0.88,-0.17,-0.71
E,CYS_444,0.88,-0.20,-0.83
E,PRO_445,0.88,-0.12,-1.00
E,ALA_446,0.93,2.37,1.23
E,GLU_447,0.89,0.64,-0.30
E,ILE_448,0.94,2.12,1.48
E,VAL_449,0.95,3.23,1.91
E,ASP_450,0.92,1.26,0.56
E,THR_451,0.91,0.48,0.34
E,VAL_452,0.91,0.00,0.23
E,SER_453,0.92,0.92,0.74
E,ALA_454,0.91,0.70,0.50
E,LEU_455,0.87,-2.31,-1.47
E,VAL_456,0.80,-8.93,-4.07
E,TYR_457,0.82,-4.17,-3.46
E,ASP_458,0.91,1.03,0.30
E,ASN_459,0.89,-0.56,-0.67
E,LYS_460,0.88,-0.20,-1.06
E,LEU_461,0.86,-1.25,-1.66
E,LYS_462,0.88,0.00,-0.95
E,ALA_463,0.87,-0.61,-1.15
E,HIS_464,0.88,-0.04,-1.01
E,LYS_465,0.87,-1.13,-1.40
E,ASP_466,0.78,-4.05,-5.14
E,LYS_467,0.80,-2.93,-4.13
E,SER_468,0.84,-1.00,-2.40
E,ALA_469,0.80,-3.60,-4.02
E,GLN_470,0.88,0.40,-1.09
E,CYS_471,0.84,-1.07,-2.71
E,PHE_472,0.85,-0.82,-1.94
E,LYS_473,0.90,1.24,0.09
E,MET_474,0.83,-1.00,-2.92
E,PHE_475,0.91,1.26,0.21
E,TYR_476,0.86,-2.29,-1.81
E,LYS_477,0.81,-3.42,-3.80
E,GLY_478,0.86,-1.33,-1.69
E,VAL_479,0.89,0.01,-0.63
E,ILE_480,0.87,-0.43,-1.47
E,THR_481,0.91,2.42,0.22
E,HIS_482,0.83,-1.84,-2.93
E,ASP_483,0.88,0.62,-0.85
E,VAL_484,0.87,-0.24,-1.45
E,SER_485,0.75,-8.13,-6.32
E,SER_486,0.86,-1.19,-1.72
E,ALA_487,0.86,-1.25,-1.68
E,ILE_488,0.89,-0.00,-0.64
E,ASN_489,0.92,1.26,0.76
E,ARG_490,0.90,0.76,0.05
E,PRO_491,0.87,-0.98,-1.40
E,GLN_492,0.90,0.62,-0.08
E,ILE_493,0.89,0.19,-0.45
E,GLY_494,0.93,1.51,1.00
E,VAL_495,0.91,0.73,0.25
E,VAL_496,0.89,0.57,-0.60
E,ARG_497,0.83,-1.84,-3.16
E,GLU_498,0.83,-0.54,-2.78
E,PHE_499,0.82,-1.41,-3.45
E,LEU_500,0.85,0.04,-2.15
E,THR_501,0.85,0.00,-2.18
E,ARG_502,0.86,0.75,-1.88
E,ASN_503,0.81,-3.50,-3.73
E,PRO_504,0.84,-0.78,-2.43
E,ALA_505,0.91,8.66,0.49
E,TRP_506,0.78,-4.37,-4.88
E,ARG_507,0.85,-0.02,-2.18
E,LYS_508,0.85,-1.19,-2.33
E,ALA_509,0.89,0.11,-0.52
E,VAL_510,0.91,0.51,0.13
E,PHE_511,0.91,0.81,0.39
E,ILE_512,0.92,1.50,0.78
E,SER_513,0.91,0.80,0.42
E,PRO_514,0.89,0.00,-0.36
E,TYR_515,0.88,-0.77,-0.96
E,ASN_516,0.87,-1.00,-1.46
E,SER_517,0.90,0.51,-0.14
E,GLN_518,0.86,-1.79,-1.53
E,ASN_519,0.90,0.28,-0.16
E,ALA_520,0.91,1.02,0.20
E,VAL_521,0.85,-1.69,-2.09
E,ALA_522,0.93,1.67,0.95
E,SER_523,0.92,1.00,0.53
E,LYS_524,0.89,0.62,-0.45
E,ILE_525,0.81,-3.35,-3.91
E,LEU_526,0.87,-0.17,-1.15
E,GLY_527,0.87,-0.23,-1.39
E,LEU_528,0.85,-1.00,-2.08
E,PRO_529,0.88,-0.80,-0.78
E,THR_530,0.92,0.77,0.56
E,GLN_531,0.89,-0.99,-0.30
E,THR_532,0.91,1.00,0.47
E,VAL_533,0.88,-2.01,-0.97
E,ASP_534,0.86,-1.29,-1.54
E,SER_535,0.92,1.09,0.73
E,SER_536,0.89,-1.10,-0.31
E,GLN_537,0.89,-1.39,-0.68
E,GLY_538,0.85,-2.32,-2.01
E,SER_539,0.92,1.20,0.71
E,GLU_540,0.92,1.04,0.54
E,TYR_541,0.89,0.00,-0.32
E,ASP_542,0.86,-1.18,-1.76
E,TYR_543,0.87,-0.41,-1.37
E,VAL_544,0.92,1.03,0.57
E,ILE_545,0.92,1.18,0.59
E,PHE_546,0.88,-0.96,-0.85
E,THR_547,0.86,-2.61,-1.82
E,GLN_548,0.89,-0.02,-0.39
E,THR_549,0.91,1.00,0.41
E,THR_550,0.91,1.03,0.49
E,GLU_551,0.85,-1.61,-2.14
E,THR_552,0.91,0.37,0.32
E,ALA_553,0.89,-0.37,-0.51
E,HIS_554,0.92,1.00,0.89
E,SER_555,0.93,1.76,1.19
E,CYS_556,0.86,-1.94,-1.91
E,ASN_557,0.86,-2.76,-1.71
E,VAL_558,0.84,-3.25,-2.38
E,ASN_559,0.93,1.06,1.15
E,ARG_560,0.93,0.78,1.02
E,PHE_561,0.93,0.83,1.07
E,ASN_562,0.91,0.00,0.42
E,VAL_563,0.94,1.35,1.41
E,ALA_564,0.94,1.37,1.36
E,ILE_565,0.88,-1.36,-0.92
E,THR_566,0.91,0.00,0.42
E,ARG_567,0.91,1.09,0.51
E,ALA_568,0.92,0.55,0.64
E,LYS_569,0.92,1.80,0.56
E,VAL_570,0.88,0.10,-0.80
E,GLY_571,0.87,-0.28,-1.34
E,ILE_572,0.86,-0.67,-1.57
E,LEU_573,0.87,0.09,-1.23
E,CYS_574,0.83,-2.67,-3.04
E,ILE_575,0.92,1.18,0.57
E,MET_576,0.90,0.41,-0.18
E,SER_577,0.87,-1.12,-1.48
E,ASP_578,0.90,1.02,-0.21
E,ARG_579,0.82,-1.39,-3.39
E,ASP_580,0.84,-0.81,-2.46
E,LEU_581,0.90,1.01,-0.27
E,TYR_582,0.89,1.04,-0.30
E,ASP_583,0.86,-0.58,-1.69
E,LYS_584,0.82,-4.81,-3.39
E,LEU_585,0.90,0.79,-0.22
E,GLN_586,0.89,0.00,-0.66
E,PHE_587,0.86,-0.20,-1.66
E,THR_588,0.83,-1.32,-3.05
E,SER_589,0.86,0.01,-1.65
E,LEU_590,0.91,3.53,0.15
E,GLU_591,0.84,-0.25,-2.36
E,ILE_592,0.83,-0.47,-3.08
E,PRO_593,0.80,-1.29,-4.19
E,ARG_594,0.81,-0.72,-3.88
E,ARG_595,0.86,1.67,-1.74
E,ASN_596,0.75,-2.76,-6.25
E,ZN_701,0.91,-1.12,0.20
E,ZN_702,0.91,0.19,0.45
E,ZN_703,0.90,-1.42,-0.11
E,ADP_704,0.87,-0.90,-1.19
E,AF3_705,0.93,1.31,1.07
E,MG_706,0.81,-4.55,-3.77
E,1N7_707,0.90,-2.15,-0.16
F,ALA_1,0.91,-1.25,1.06
F,VAL_2,0.93,0.00,1.64
F,GLY_3,0.93,0.31,1.75
F,ALA_4,0.93,0.00,1.65
F,CYS_5,0.94,0.97,1.98
F,VAL_6,0.91,-2.18,1.08
F,LEU_7,0.92,0.00,1.38
F,CYS_8,0.93,0.73,1.76
F,ASN_9,0.93,0.11,1.72
F,SER_10,0.95,2.47,2.42
F,GLN_11,0.92,-1.03,1.29
F,THR_12,0.95,1.88,2.28
F,SER_13,0.94,0.80,1.88
F,LEU_14,0.92,-1.31,1.10
F,ARG_15,0.91,-1.12,0.83
F,CYS_16,0.83,-4.41,-1.84
F,GLY_17,0.93,0.82,1.76
F,ALA_18,0.88,-1.03,0.01
F,CYS_19,0.84,-3.01,-1.59
F,ILE_20,0.93,1.42,1.65
F,ARG_21,0.92,-0.13,1.34
F,ARG_22,0.91,-0.12,0.97
F,PRO_23,0.91,-1.48,0.89
F,PHE_24,0.93,-0.22,1.45
F,LEU_25,0.91,-1.56,0.78
F,CYS_26,0.94,1.04,1.79
F,CYS_27,0.91,-0.28,0.91
F,LYS_28,0.90,-0.77,0.44
F,CYS_29,0.95,2.09,2.14
F,CYS_30,0.93,1.30,1.76
F,TYR_31,0.90,-0.46,0.65
F,ASP_32,0.92,0.88,1.23
F,HIS_33,0.93,1.32,1.60
F,VAL_34,0.93,1.10,1.46
F,ILE_35,0.90,-1.14,0.41
F,SER_36,0.91,0.24,0.96
F,THR_37,0.92,0.76,1.38
F,SER_38,0.91,-0.08,0.85
F,HIS_39,0.87,-1.86,-0.54
F,LYS_40,0.89,-0.97,0.09
F,LEU_41,0.87,-1.71,-0.59
F,VAL_42,0.94,1.26,2.07
F,LEU_43,0.94,1.04,2.01
F,SER_44,0.95,1.94,2.44
F,VAL_45,0.92,-0.81,1.39
F,ASN_46,0.94,0.11,1.94
F,PRO_47,0.96,2.58,2.71
F,TYR_48,0.93,0.59,1.67
F,VAL_49,0.92,0.24,1.34
F,CYS_50,0.93,1.27,1.71
F,ASN_51,0.95,1.73,2.21
F,ALA_52,0.88,-1.33,-0.13
F,PRO_53,0.88,-1.76,-0.06
F,GLY_54,0.91,0.79,1.07
F,CYS_55,0.88,-0.68,0.04
F,ASP_56,0.92,1.13,1.15
F,VAL_57,0.87,-2.29,-0.47
F,THR_58,0.90,-0.70,0.46
F,ASP_59,0.92,0.75,1.37
F,VAL_60,0.92,0.91,1.22
F,THR_61,0.90,0.67,0.66
F,GLN_62,0.91,1.00,0.98
F,LEU_63,0.91,0.15,0.75
F,TYR_64,0.92,0.90,1.18
F,LEU_65,0.92,1.10,1.22
F,GLY_66,0.95,2.93,2.14
F,GLY_67,0.92,1.05,1.38
F,MET_68,0.89,-1.09,0.38
F,SER_69,0.92,-0.09,1.17
F,TYR_70,0.87,-2.98,-0.34
F,TYR_71,0.90,-0.54,0.45
F,CYS_72,0.89,-1.56,0.20
F,LYS_73,0.84,-5.03,-1.69
F,SER_74,0.90,-0.37,0.55
F,HIS_75,0.93,1.54,1.54
F,LYS_76,0.91,0.27,0.90
F,PRO_77,0.92,1.08,1.31
F,PRO_78,0.88,-2.10,-0.09
F,ILE_79,0.88,-3.15,-0.07
F,SER_80,0.90,-0.01,0.67
F,PHE_81,0.90,0.28,0.67
F,PRO_82,0.89,-1.00,0.29
F,LEU_83,0.88,-1.85,-0.03
F,CYS_84,0.90,-0.22,0.52
F,ALA_85,0.89,-0.54,0.30
F,ASN_86,0.88,-3.18,-0.25
F,GLY_87,0.91,2.46,1.04
F,GLN_88,0.89,-0.96,0.21
F,VAL_89,0.90,-0.83,0.42
F,PHE_90,0.89,-1.15,0.34
F,GLY_91,0.93,0.73,1.77
F,LEU_92,0.92,-0.25,1.23
F,TYR_93,0.93,0.43,1.51
F,LYS_94,0.90,-0.53,0.61
F,ASN_95,0.89,-1.50,0.16
F,THR_96,0.91,-0.54,0.92
F,CYS_97,0.94,0.92,1.81
F,VAL_98,0.90,-1.48,0.51
F,GLY_99,0.90,-1.56,0.40
F,SER_100,0.90,-1.31,0.47
F,ASP_101,0.91,-0.11,0.86
F,ASN_102,0.90,-0.83,0.55
F,VAL_103,0.92,0.67,1.24
F,THR_104,0.91,-1.20,0.79
F,ASP_105,0.91,0.05,0.91
F,PHE_106,0.93,0.66,1.46
F,ASN_107,0.89,-3.65,0.04
F,ALA_108,0.92,0.45,1.16
F,ILE_109,0.95,2.51,2.14
F,ALA_110,0.94,1.78,2.05
F,THR_111,0.91,0.14,1.01
F,CYS_112,0.88,-1.80,-0.21
F,ASP_113,0.91,-0.25,0.98
F,TRP_114,0.90,-0.60,0.71
F,THR_115,0.95,2.07,2.24
F,ASN_116,0.92,1.19,1.35
F,ALA_117,0.92,1.03,1.19
F,GLY_118,0.84,-2.10,-1.48
F,ASP_119,0.92,0.01,1.17
F,TYR_120,0.92,0.01,1.19
F,ILE_121,0.89,-0.27,0.33
F,LEU_122,0.89,-1.50,0.29
F,ALA_123,0.90,-0.88,0.52
F,ASN_124,0.93,1.02,1.50
F,THR_125,0.92,1.49,1.41
F,CYS_126,0.88,-1.88,-0.27
F,THR_127,0.85,-3.64,-1.18
F,GLU_128,0.87,-1.83,-0.36
F,ARG_129,0.89,-1.82,0.09
F,LEU_130,0.93,0.28,1.58
F,LYS_131,0.91,0.00,0.98
F,LEU_132,0.94,1.92,2.09
F,PHE_133,0.94,0.83,1.81
F,ALA_134,0.96,1.73,2.51
F,ALA_135,0.95,1.90,2.14
F,GLU_136,0.90,-1.00,0.68
F,THR_137,0.91,-0.77,0.97
F,LEU_138,0.94,1.84,2.07
F,LYS_139,0.92,0.19,1.23
F,ALA_140,0.93,0.82,1.45
F,THR_141,0.90,-1.35,0.66
F,GLU_142,0.92,0.06,1.16
F,GLU_143,0.92,-0.14,1.12
F,THR_144,0.93,1.20,1.52
F,PHE_145,0.92,0.00,1.15
F,LYS_146,0.92,0.91,1.37
F,LEU_147,0.90,0.00,0.58
F,SER_148,0.93,1.00,1.46
F,TYR_149,0.89,0.78,0.23
F,GLY_150,0.86,0.55,-0.74
F,ILE_151,0.82,-1.13,-2.25
F,ALA_152,0.88,1.08,-0.19
F,THR_153,0.85,-0.12,-1.03
F,VAL_154,0.85,-1.03,-1.32
F,ARG_155,0.86,-0.33,-0.95
F,GLU_156,0.90,1.92,0.46
F,VAL_157,0.82,-1.96,-2.37
F,LEU_158,0.85,-0.73,-1.13
F,SER_159,0.88,1.19,-0.09
F,ASP_160,0.79,-2.59,-3.21
F,ARG_161,0.84,-0.62,-1.42
F,GLU_162,0.87,0.28,-0.54
F,LEU_163,0.86,0.28,-0.71
F,HIS_164,0.89,1.66,0.27
F,LEU_165,0.86,-0.09,-0.76
F,SER_166,0.92,1.79,1.24
F,TRP_167,0.84,-0.22,-1.41
F,GLU_168,0.81,-1.10,-2.47
F,VAL_169,0.81,-0.44,-2.59
F,GLY_170,0.80,-1.51,-2.87
F,LYS_171,0.80,-1.03,-2.89
F,PRO_172,0.80,-0.62,-2.79
F,ARG_173,0.81,-0.04,-2.62
F,PRO_174,0.78,-1.76,-3.60
F,PRO_175,0.74,-2.98,-4.88
F,LEU_176,0.79,-2.80,-3.34
F,ASN_177,0.87,0.68,-0.59
F,ARG_178,0.86,0.02,-0.93
F,ASN_179,0.89,1.65,0.37
F,TYR_180,0.83,-0.76,-1.72
F,VAL_181,0.88,0.56,-0.30
F,PHE_182,0.88,0.87,-0.08
F,THR_183,0.87,0.30,-0.57
F,GLY_184,0.90,2.11,0.48
F,TYR_185,0.86,0.06,-0.96
F,ARG_186,0.86,0.44,-0.71
F,VAL_187,0.85,0.17,-1.29
F,THR_188,0.86,1.04,-0.68
F,LYS_189,0.82,0.00,-2.18
F,ASN_190,0.79,-1.00,-3.40
F,SER_191,0.79,-1.76,-3.22
F,LYS_192,0.77,-3.98,-3.87
F,VAL_193,0.87,0.96,-0.55
F,GLN_194,0.83,-1.88,-1.94
F,ILE_195,0.85,-0.05,-1.04
F,GLY_196,0.88,1.35,-0.00
F,GLU_197,0.85,-0.20,-1.16
F,TYR_198,0.90,2.06,0.45
F,THR_199,0.85,-0.23,-1.22
F,PHE_200,0.79,-2.88,-3.18
F,GLU_201,0.82,-1.78,-2.28
F,LYS_202,0.83,-0.99,-1.71
F,GLY_203,0.85,-0.02,-1.27
F,ASP_204,0.88,1.00,-0.17
F,TYR_205,0.83,-0.83,-1.82
F,GLY_206,0.77,-4.73,-4.02
F,ASP_207,0.80,-2.29,-2.94
F,ALA_208,0.90,1.94,0.59
F,VAL_209,0.88,1.54,-0.14
F,VAL_210,0.85,-0.03,-1.25
F,TYR_211,0.87,0.64,-0.53
F,ARG_212,0.88,1.76,0.01
F,GLY_213,0.91,2.36,0.76
F,THR_214,0.86,0.38,-0.99
F,THR_215,0.84,-0.15,-1.48
F,THR_216,0.85,0.00,-1.34
F,TYR_217,0.76,-2.51,-4.14
F,LYS_218,0.78,-1.68,-3.59
F,LEU_219,0.83,-1.19,-2.00
F,ASN_220,0.88,1.65,-0.23
F,VAL_221,0.87,1.00,-0.51
F,GLY_222,0.82,-3.71,-2.31
F,ASP_223,0.84,-1.39,-1.55
F,TYR_224,0.87,0.73,-0.63
F,PHE_225,0.88,1.20,-0.25
F,VAL_226,0.85,-0.41,-1.02
F,LEU_227,0.84,-1.78,-1.64
F,THR_228,0.80,-3.89,-3.02
F,SER_229,0.89,0.38,0.35
F,HIS_230,0.88,-1.92,-0.24
F,THR_231,0.91,-0.44,1.04
F,VAL_232,0.93,1.01,1.45
F,MET_233,0.90,-1.14,0.53
F,PRO_234,0.93,0.06,1.50
F,LEU_235,0.90,-1.65,0.54
F,SER_236,0.93,0.51,1.59
F,ALA_237,0.93,0.69,1.51
F,PRO_238,0.94,1.36,2.09
F,THR_239,0.92,0.23,1.23
F,LEU_240,0.85,-2.13,-1.16
F,VAL_241,0.85,-3.25,-1.33
F,PRO_242,0.86,0.00,-0.73
F,GLN_243,0.85,-0.72,-1.12
F,GLU_244,0.86,-1.05,-0.82
F,HIS_245,0.85,-2.35,-1.04
F,TYR_246,0.88,-0.39,-0.03
F,VAL_247,0.89,0.06,0.23
F,ARG_248,0.90,0.83,0.43
F,ILE_249,0.88,-0.47,-0.01
F,THR_250,0.86,-4.01,-0.85
F,GLY_251,0.89,0.29,0.15
F,LEU_252,0.88,-0.62,-0.20
F,TYR_253,0.88,0.10,-0.06
F,PRO_254,0.85,-1.02,-1.09
F,THR_255,0.84,-1.41,-1.51
F,LEU_256,0.85,-1.33,-1.32
F,ASN_257,0.87,-0.09,-0.61
F,ILE_258,0.83,-2.30,-1.82
F,SER_259,0.87,0.00,-0.36
F,ASP_260,0.87,-0.89,-0.54
F,GLU_261,0.90,0.59,0.42
F,PHE_262,0.90,0.30,0.67
F,SER_263,0.88,0.00,0.04
F,SER_264,0.85,-2.36,-1.31
F,ASN_265,0.91,0.78,1.00
F,VAL_266,0.92,1.54,1.32
F,ALA_267,0.86,-2.32,-0.82
F,ASN_268,0.88,-0.10,0.03
F,TYR_269,0.92,1.08,1.35
F,GLN_270,0.91,0.64,0.79
F,LYS_271,0.87,-1.83,-0.42
F,VAL_272,0.91,0.66,0.85
F,GLY_273,0.91,1.55,1.04
F,MET_274,0.91,0.84,0.75
F,GLN_275,0.89,-0.29,0.21
F,LYS_276,0.92,1.32,1.26
F,TYR_277,0.91,0.66,0.84
F,SER_278,0.89,-0.17,0.34
F,THR_279,0.92,1.05,1.16
F,LEU_280,0.90,0.18,0.45
F,GLN_281,0.92,0.99,1.14
F,GLY_282,0.94,2.78,1.99
F,PRO_283,0.90,0.04,0.47
F,PRO_284,0.87,-0.85,-0.58
F,GLY_285,0.94,2.26,1.91
F,THR_286,0.91,1.11,1.01
F,GLY_287,0.90,-0.03,0.43
F,LYS_288,0.89,-0.10,0.38
F,SER_289,0.90,0.23,0.61
F,HIS_290,0.92,1.20,1.20
F,PHE_291,0.89,-0.76,0.19
F,ALA_292,0.92,0.98,1.17
F,ILE_293,0.90,-0.02,0.43
F,GLY_294,0.93,1.81,1.61
F,LEU_295,0.85,-3.70,-1.18
F,ALA_296,0.94,1.38,1.83
F,LEU_297,0.94,1.59,1.95
F,TYR_298,0.90,0.38,0.45
F,TYR_299,0.88,-0.07,0.03
F,PRO_300,0.89,0.07,0.20
F,SER_301,0.81,-2.91,-2.42
F,ALA_302,0.83,-3.66,-1.72
F,ARG_303,0.85,-1.55,-1.02
F,ILE_304,0.90,0.44,0.72
F,VAL_305,0.89,-0.26,0.12
F,TYR_306,0.86,-3.31,-0.76
F,THR_307,0.85,-3.50,-1.28
F,ALA_308,0.91,0.77,0.82
F,CYS_309,0.90,-0.25,0.52
F,SER_310,0.88,-0.60,-0.07
F,HIS_311,0.87,-0.32,-0.46
F,ALA_312,0.92,1.98,1.26
F,ALA_313,0.92,1.01,1.27
F,VAL_314,0.91,0.74,0.87
F,ASP_315,0.93,1.62,1.52
F,ALA_316,0.87,-0.54,-0.58
F,LEU_317,0.86,-1.70,-0.73
F,CYS_318,0.90,0.66,0.62
F,GLU_319,0.91,1.04,1.03
F,LYS_320,0.85,-2.30,-1.27
F,ALA_321,0.84,-2.57,-1.37
F,LEU_322,0.88,-0.81,-0.27
F,LYS_323,0.89,0.00,0.13
F,TYR_324,0.80,-4.03,-2.75
F,LEU_325,0.91,0.62,0.82
F,PRO_326,0.89,-0.00,0.13
F,ILE_327,0.92,1.46,1.36
F,ASP_328,0.90,0.73,0.57
F,LYS_329,0.88,-0.30,0.01
F,CYS_330,0.88,-0.30,-0.26
F,SER_331,0.90,0.88,0.63
F,ARG_332,0.88,0.00,-0.30
F,ILE_333,0.88,0.21,0.04
F,ILE_334,0.88,0.12,-0.09
F,PRO_335,0.84,0.23,-1.38
F,ALA_336,0.88,2.21,-0.05
F,ARG_337,0.82,-1.00,-2.14
F,ALA_338,0.84,-0.19,-1.35
F,ARG_339,0.84,-0.89,-1.66
F,VAL_340,0.81,-1.53,-2.40
F,GLU_341,0.79,-1.89,-3.42
F,CYS_342,0.83,-0.50,-1.97
F,PHE_343,0.80,-2.26,-2.91
F,ASP_344,0.79,-0.48,-3.15
F,LYS_345,0.79,-1.08,-3.33
F,PHE_346,0.82,-1.00,-2.37
F,LYS_347,0.79,-0.73,-3.08
F,VAL_348,0.81,-1.00,-2.54
F,ASN_349,0.77,-2.26,-3.80
F,SER_350,0.86,0.81,-0.67
F,THR_351,0.81,-2.29,-2.46
F,LEU_352,0.86,-0.45,-0.79
F,GLU_353,0.92,1.00,1.09
F,GLN_354,0.89,0.04,0.22
F,TYR_355,0.93,1.59,1.48
F,VAL_356,0.92,2.00,1.23
F,PHE_357,0.89,0.44,0.38
F,CYS_358,0.88,-0.72,-0.12
F,THR_359,0.92,2.32,1.40
F,VAL_360,0.89,-0.11,0.28
F,ASN_361,0.88,-1.05,-0.16
F,ALA_362,0.92,3.26,1.27
F,LEU_363,0.88,-0.46,-0.02
F,PRO_364,0.89,0.55,0.31
F,GLU_365,0.90,0.68,0.64
F,THR_366,0.85,-1.09,-1.04
F,THR_367,0.85,-2.42,-1.33
F,ALA_368,0.89,-0.11,0.18
F,ASP_369,0.92,1.84,1.18
F,ILE_370,0.93,1.36,1.52
F,VAL_371,0.90,0.42,0.66
F,VAL_372,0.85,-5.08,-1.30
F,PHE_373,0.89,-0.39,0.31
F,ASP_374,0.89,-0.57,0.39
F,GLU_375,0.91,0.14,0.87
F,ILE_376,0.93,0.90,1.46
F,SER_377,0.91,0.20,0.99
F,MET_378,0.89,-0.79,0.30
F,ALA_379,0.91,0.19,0.95
F,THR_380,0.88,-1.34,0.02
F,ASN_381,0.88,-2.03,-0.22
F,TYR_382,0.89,-1.62,0.06
F,ASP_383,0.94,1.51,1.98
F,LEU_384,0.91,-0.09,1.05
F,SER_385,0.91,-0.29,0.96
F,VAL_386,0.94,1.52,1.87
F,VAL_387,0.93,1.25,1.74
F,ASN_388,0.92,0.16,1.19
F,ALA_389,0.90,-0.93,0.71
F,ARG_390,0.92,0.95,1.12
F,LEU_391,0.86,-3.51,-0.98
F,ARG_392,0.86,-2.90,-0.93
F,ALA_393,0.89,-0.08,0.37
F,LYS_394,0.89,0.01,0.37
F,HIS_395,0.93,2.62,1.55
F,TYR_396,0.90,0.23,0.48
F,VAL_397,0.88,-1.79,-0.00
F,TYR_398,0.88,-2.52,-0.21
F,ILE_399,0.91,0.69,0.78
F,GLY_400,0.93,2.15,1.73
F,ASP_401,0.89,-1.43,0.05
F,PRO_402,0.92,0.91,1.21
F,ALA_403,0.91,0.95,0.94
F,GLN_404,0.93,1.49,1.53
F,LEU_405,0.86,-0.48,-0.94
F,PRO_406,0.83,-2.38,-1.86
F,ALA_407,0.87,-0.16,-0.55
F,PRO_408,0.87,0.40,-0.41
F,ARG_409,0.85,-0.92,-1.17
F,THR_410,0.87,-0.73,-0.48
F,LEU_411,0.90,-0.43,0.40
F,LEU_412,0.86,-0.62,-0.91
F,THR_413,0.88,0.27,0.02
F,LYS_414,0.82,-1.67,-2.14
F,GLY_415,0.85,-0.84,-1.33
F,THR_416,0.87,0.20,-0.51
F,LEU_417,0.83,-1.38,-1.97
F,GLU_418,0.89,-0.01,0.32
F,PRO_419,0.90,-0.01,0.54
F,GLU_420,0.86,-1.80,-0.77
F,TYR_421,0.90,-0.07,0.55
F,PHE_422,0.93,1.31,1.47
F,ASN_423,0.94,1.97,2.00
F,SER_424,0.91,0.00,0.88
F,VAL_425,0.95,2.95,2.34
F,CYS_426,0.94,2.01,1.79
F,ARG_427,0.89,-0.67,0.25
F,LEU_428,0.90,0.07,0.63
F,MET_429,0.90,0.23,0.65
F,LYS_430,0.86,-3.02,-0.94
F,THR_431,0.86,-1.87,-0.95
F,ILE_432,0.89,-0.17,0.28
F,GLY_433,0.92,1.12,1.24
F,PRO_434,0.90,0.02,0.48
F,ASP_435,0.83,-3.20,-1.75
F,MET_436,0.85,-2.55,-1.29
F,PHE_437,0.85,-1.07,-1.28
F,LEU_438,0.88,-0.35,-0.10
F,GLY_439,0.79,-2.89,-3.27
F,THR_440,0.81,-2.32,-2.66
F,CYS_441,0.87,-0.42,-0.52
F,ARG_442,0.88,0.30,-0.26
F,ARG_443,0.85,-0.80,-1.13
F,CYS_444,0.88,0.44,-0.09
F,PRO_445,0.90,1.11,0.43
F,ALA_446,0.89,0.67,0.19
F,GLU_447,0.90,1.19,0.67
F,ILE_448,0.89,1.02,0.30
F,VAL_449,0.92,2.36,1.25
F,ASP_450,0.88,1.09,-0.07
F,THR_451,0.90,1.61,0.55
F,VAL_452,0.88,0.75,-0.21
F,SER_453,0.90,2.51,0.58
F,ALA_454,0.86,0.00,-0.83
F,LEU_455,0.85,-0.34,-1.00
F,VAL_456,0.87,0.60,-0.42
F,TYR_457,0.86,-0.43,-0.74
F,ASP_458,0.82,-3.36,-2.20
F,ASN_459,0.86,-0.29,-0.93
F,LYS_460,0.85,-0.32,-1.22
F,LEU_461,0.84,-1.20,-1.44
F,LYS_462,0.85,-1.16,-1.08
F,ALA_463,0.83,-1.51,-1.91
F,HIS_464,0.84,-1.32,-1.36
F,LYS_465,0.84,-1.95,-1.61
F,ASP_466,0.78,-5.58,-3.55
F,LYS_467,0.87,-0.03,-0.40
F,SER_468,0.91,1.30,0.94
F,ALA_469,0.84,-1.53,-1.43
F,GLN_470,0.87,-0.09,-0.48
F,CYS_471,0.91,2.46,0.88
F,PHE_472,0.88,0.96,-0.27
F,LYS_473,0.91,2.47,1.01
F,MET_474,0.83,-1.05,-1.98
F,PHE_475,0.86,0.36,-0.88
F,TYR_476,0.73,-3.54,-5.45
F,LYS_477,0.80,-2.79,-2.98
F,GLY_478,0.77,-4.39,-3.89
F,VAL_479,0.82,-1.00,-2.10
F,ILE_480,0.90,1.33,0.43
F,THR_481,0.88,0.64,-0.10
F,HIS_482,0.77,-4.62,-4.08
F,ASP_483,0.86,0.00,-0.96
F,VAL_484,0.87,0.47,-0.58
F,SER_485,0.74,-5.89,-5.09
F,SER_486,0.82,-2.92,-2.27
F,ALA_487,0.84,-1.58,-1.36
F,ILE_488,0.87,-0.01,-0.59
F,ASN_489,0.88,0.44,0.00
F,ARG_490,0.89,1.13,0.16
F,PRO_491,0.90,1.57,0.67
F,GLN_492,0.84,-0.05,-1.44
F,ILE_493,0.83,-1.63,-1.77
F,GLY_494,0.82,-0.60,-2.17
F,VAL_495,0.73,-3.48,-5.24
F,VAL_496,0.81,-1.37,-2.53
F,ARG_497,0.93,2.12,1.54
F,GLU_498,0.87,1.16,-0.52
F,PHE_499,0.86,0.62,-0.98
F,LEU_500,0.87,0.95,-0.55
F,THR_501,0.91,2.50,1.02
F,ARG_502,0.84,0.00,-1.69
F,ASN_503,0.85,0.00,-1.32
F,PRO_504,0.79,-1.44,-3.32
F,ALA_505,0.77,-1.91,-3.86
F,TRP_506,0.81,-1.21,-2.42
F,ARG_507,0.80,-0.39,-2.95
F,LYS_508,0.80,-0.91,-2.76
F,ALA_509,0.90,1.82,0.55
F,VAL_510,0.92,2.30,1.34
F,PHE_511,0.87,-0.12,-0.47
F,ILE_512,0.86,-1.20,-0.84
F,SER_513,0.90,0.99,0.45
F,PRO_514,0.81,-3.79,-2.65
F,TYR_515,0.91,1.49,0.88
F,ASN_516,0.86,-0.28,-0.81
F,SER_517,0.88,0.69,-0.15
F,GLN_518,0.90,1.44,0.47
F,ASN_519,0.91,2.55,1.07
F,ALA_520,0.89,1.05,0.21
F,VAL_521,0.85,-1.26,-1.21
F,ALA_522,0.86,-0.53,-0.86
F,SER_523,0.88,1.00,-0.00
F,LYS_524,0.87,0.54,-0.48
F,ILE_525,0.80,-1.99,-2.95
F,LEU_526,0.85,-0.25,-1.07
F,GLY_527,0.81,-1.23,-2.59
F,LEU_528,0.72,-4.22,-5.57
F,PRO_529,0.81,-3.04,-2.61
F,THR_530,0.88,0.26,-0.30
F,GLN_531,0.88,1.26,-0.01
F,THR_532,0.89,0.74,0.30
F,VAL_533,0.86,-0.45,-0.85
F,ASP_534,0.86,-1.07,-0.96
F,SER_535,0.88,2.58,-0.17
F,SER_536,0.85,-0.83,-1.09
F,GLN_537,0.87,-0.01,-0.59
F,GLY_538,0.85,-1.00,-1.05
F,SER_539,0.85,-1.00,-1.27
F,GLU_540,0.85,-0.94,-1.28
F,TYR_541,0.86,0.00,-0.94
F,ASP_542,0.89,1.06,0.06
F,TYR_543,0.85,-0.37,-1.06
F,VAL_544,0.85,-1.17,-1.10
F,ILE_545,0.87,0.16,-0.49
F,PHE_546,0.88,0.44,-0.08
F,THR_547,0.89,0.67,0.12
F,GLN_548,0.89,0.81,0.23
F,THR_549,0.87,-0.54,-0.37
F,THR_550,0.88,0.79,-0.03
F,GLU_551,0.88,0.09,-0.26
F,THR_552,0.89,1.00,0.10
F,ALA_553,0.78,-7.29,-3.43
F,HIS_554,0.86,-1.07,-0.87
F,SER_555,0.92,2.45,1.19
F,CYS_556,0.88,0.52,-0.16
F,ASN_557,0.86,-0.04,-0.70
F,VAL_558,0.81,-3.77,-2.50
F,ASN_559,0.82,-2.71,-2.29
F,ARG_560,0.87,0.09,-0.65
F,PHE_561,0.92,2.99,1.10
F,ASN_562,0.87,0.04,-0.54
F,VAL_563,0.86,-0.06,-0.68
F,ALA_564,0.89,1.49,0.23
F,ILE_565,0.86,-0.23,-0.71
F,THR_566,0.85,-1.27,-1.31
F,ARG_567,0.88,1.50,-0.00
F,ALA_568,0.84,-1.39,-1.38
F,LYS_569,0.87,0.05,-0.37
F,VAL_570,0.89,0.94,0.24
F,GLY_571,0.87,0.01,-0.40
F,ILE_572,0.83,-2.28,-1.87
F,LEU_573,0.86,-0.58,-0.84
F,CYS_574,0.85,-1.14,-1.31
F,ILE_575,0.89,1.32,0.25
F,MET_576,0.85,-1.72,-1.31
F,SER_577,0.86,0.02,-0.84
F,ASP_578,0.89,1.87,0.35
F,ARG_579,0.86,0.40,-0.99
F,ASP_580,0.85,-0.34,-1.09
F,LEU_581,0.85,-0.53,-1.27
F,TYR_582,0.88,2.01,-0.23
F,ASP_583,0.82,-2.60,-2.19
F,LYS_584,0.83,-1.92,-2.02
F,LEU_585,0.86,-0.57,-0.96
F,GLN_586,0.84,-1.50,-1.51
F,PHE_587,0.86,0.00,-0.75
F,THR_588,0.91,3.05,1.05
F,SER_589,0.82,-1.24,-2.04
F,LEU_590,0.85,0.00,-1.21
F,GLU_591,0.85,0.67,-1.15
F,ILE_592,0.81,-0.60,-2.64
F,PRO_593,0.79,-0.92,-3.23
F,ARG_594,0.84,0.48,-1.64
F,ARG_595,0.72,-3.88,-5.52
F,ASN_596,0.72,-3.36,-5.52
P,G_2,0.81,-1.00,-4.93
P,C_3,0.81,0.00,-4.64
P,G_4,0.84,0.00,-3.13
P,U_5,0.86,1.00,-2.26
P,A_6,0.85,-6.83,-2.38
P,G_7,0.86,0.00,-2.27
P,C_8,0.89,1.00,-0.57
P,A_9,0.87,0.00,-1.30
P,U_10,0.86,-1.00,-2.10
P,G_11,0.89,6.36,-0.24
P,C_12,0.86,-1.00,-1.85
P,U_13,0.88,0.00,-1.07
P,A_14,0.89,0.00,-0.36
P,C_15,0.91,2.96,0.50
P,G_16,0.90,0.00,-0.14
P,U_17,0.89,-6.01,-0.32
P,C_18,0.90,0.00,-0.12
P,A_19,0.93,0.00,1.84
P,U_20,0.93,1.00,1.86
P,U_21,0.91,0.00,0.76
P,C_22,0.90,-1.00,0.12
P,U_23,0.90,0.00,0.27
P,C_24,0.91,0.00,0.45
P,C_25,0.92,2.98,0.98
P,U_26,0.91,-1.00,0.59
P,A_27,0.93,1.00,1.70
P,A_28,0.92,0.00,1.37
P,G_29,0.90,-4.87,0.25
P,A_30,0.93,1.00,1.60
P,A_31,0.93,0.00,1.51
P,G_32,0.92,0.00,1.02
P,C_33,0.91,0.00,0.78
P,U_34,0.91,0.00,0.50
P,A_35,0.89,-1.00,-0.59
T,U_128,0.86,0.00,-1.50
T,G_129,0.87,1.00,-1.12
T,C_130,0.83,-1.00,-2.57
T,U_131,0.84,0.00,-2.17
T,A_132,0.85,1.00,-1.74
T,C_133,0.81,0.00,-3.12
T,G_134,0.78,0.00,-4.26
T,C_135,0.76,-1.00,-5.19
T,A_100,0.90,-1.00,-0.16
T,A_101,0.93,1.00,1.17
T,U_102,0.93,0.00,1.03
T,A_103,0.93,-1.00,0.94
T,G_104,0.94,3.30,1.57
T,C_105,0.93,0.00,1.09
T,U_106,0.93,-1.00,0.99
T,U_107,0.94,0.00,1.30
T,C_108,0.94,1.00,1.53
T,U_109,0.93,0.00,1.01
T,U_110,0.92,0.00,0.85
T,A_111,0.90,-1.22,-0.00
T,G_112,0.91,0.93,0.47
T,G_113,0.92,1.00,0.60
T,A_114,0.90,-3.77,-0.04
T,G_115,0.91,8.72,0.36
T,A_116,0.90,0.00,0.00
T,A_117,0.90,-1.10,-0.08
T,U_118,0.90,0.00,0.07
T,G_119,0.91,1.00,0.20
T,A_120,0.90,-1.33,-0.20
T,C_121,0.90,0.00,0.03
T,G_122,0.90,1.00,0.10
T,U_123,0.89,-1.00,-0.46
T,A_124,0.89,1.00,-0.37
T,G_125,0.87,0.00,-1.01
T,C_126,0.84,-1.00,-2.16
T,A_127,0.85,0.00,-1.93
